type_id,id,idoriginal_poem,idgroup,text,order,original_poem_id,
5030,99,16923,14882,γρα|φε γραματα καλα |,1,16923,
5030,98,16923,15261,ἄρξου χῆρ μου ἀγαθε ,0,16923,
2148,72,16914,15681,οὕτω (καὶ) οἱ γρ(άφ)οντες [ἰδεῖν] βιβλίου τέλο(ς) +,1,16914,
2150,243,16941,14872,+ Οσπερ ξένη χαίροντε ἠδὶν πατρηδαν,0,16941,
2148,48,16907,14872,"+ ὥσπερ ξένοι χαίρο(...) πατρίδα,",0,16907,
1862,237,16936,10959,+ ἀγγελικῶν γραφίδων ἀμαρύγματα | πολλὰ κιχήσας·,0,16936,
2150,244,16941,14873,και οι θαλαττεύοντες ηδὶν λημένα ,1,16941,
2225,369,16973,4926,τὸν ἀναγινώσκοντα τὴν | βίβλον ταύτην·,1,16973,
2150,427,16982,14872,+ ὥσπερ ξένοι χαίροντες εἰδεῖν π(ατ)ρίδα |,0,16982,
2150,428,16982,14873,(καὶ) οἱ θαλατεύοντες εὑρεῖν λιμέ|να·,1,16982,
2225,368,16973,15418,+ τὸν δακτύλοις γράψαντα τὸν κεκτι|μένον·,0,16973,
2225,477,16990,15419,τῷ ἀναγινώσκοντι σὺν προθυμίᾳ,1,16990,
2148,546,17003,,οὗτω | κ(αὶ) τοῖς γράφου|σιν βιβλήου | τέλος:-,1,17003,
2148,545,17003,14872,ὥσπερ ξένοι χαί|ροντὲς ἰδὴν | πατρίδ(α):,0,17003,
2150,6949,18496,14873,καὶ θαλαττεύοντες (...),1,18496,
2150,11411,19558,14873,καὶ ἰ θαλαττεύοντες ιδει π(ατ)ρίδα,1,19558,
2054,1199,17113,,Πέτρου μιμητὴς μάρκος ὀφθεὶς τοῖς τρόποις:,0,17113,
2054,1200,17113,,Δίκαιον οὐκ ἔκρινε μὴ καὶ τοῖς λόγοις:,1,17113,
2054,1201,17113,,Εἶναι μιμητὴν αὐτὸν ὡς καὶ τοῦ τρόπου:,2,17113,
2054,1202,17113,,Διὸ βραχὺν θεὶς τοῦ μακροῦ λόγου λόγον:,3,17113,
2054,1203,17113,,Μικρὰ μὲν εἶπε ρήματ' εὐλογιστίας:,4,17113,
2054,1204,17113,,Ἑνὸς δὲ μὴ δέοντα τῶν λοιπῶν ὅρου:,5,17113,
1953,1359,17144,11239,+ ἔργον ἀριπρεπὲς ἐκ μεγάλου | πέτρου μυηθείς·,0,17144,
2148,1409,17149,15681,οὕτως (καὶ) οἱ γράφοντες | βιβλίου τέλος:- |,1,17149,
4155,1563,17178,,"εἰ δὲ γραφεὶ μενοι, ἠς χρόνους πληρεστάτους.",1,17178,
4155,1562,17178,10869,+ ἡ μ(ὲν) χεῖρ ἡ Γράψασα σείπταιτέ τάφο·,0,17178,
5030,48130,31715,13951,μὐ δαρῆς καὶ λοιποιθἦς,2,31715,
2148,1675,17204,14872,ω(...)ερ ξένοι χαιρουσιν ἴδιν πατριδα,0,17204,
2225,1660,17201,15815,τῶ ἀναγινώσκοντι μετ' εὐλαβίας.,1,17201,
5030,48129,31715,14882,γραφε γράματα καλα,1,31715,
2148,1676,17204,11866,οὕτω(ς) καμοι τὸ γραψαντι| ηδυ τελος,1,17204,
5030,48131,31715,9912,κ εἶς το φῶρον ἐντραποἶς,3,31715,
2225,1659,17201,15418,+ τῶι δακτύλοις γράψαντι. τῶι κεκτημένωι·,0,17201,
4152,14870,20509,9763,ἐν ἔτει ϛχ τρίτῳ,3,20509,
1862,2277,17346,10959,Ἀγγελικῶν γραφίδων ἀμαρύτματα πολλακιχήσας·,0,17346,
6475,49535,33476,15480,ἐξεσίη δ’ ἀχιλῆο(ς) ἀπειθέο(ς) ἐστὶν ἰῶτα:-,0,33476,
5030,48146,26424,13949,κ(αι) υστερον μετανοσης κ(αι) εχ(...),3,26424,
1982,2756,17449,16279,Ἡ τετρὰς ὧδε τῶν μαθητῶν τοῦ λόγου:,0,17449,
2148,3125,17562,14872,Ὥσπερ ξενοὶ χαίρουσιν ἰδεῖν | πατρίδα·,0,17562,
2148,3142,17572,14872,Ὧσπερ ξένοι χαίρουσιν ἡδὴν πατρίδα·,0,17572,
2148,3138,17570,14872,+ ὥσπερ ξένοι χαίρουσιν ἰδεῖν πατρίδα,0,17570,
2148,3140,17571,14872,"Ὥσπερ ξένοι χαίρουσιν ἰδεῖν πατρίδα,",0,17571,
4152,3182,17581,9792,ψῆφος τοῦτων ἐννακὸς ὀγδοήκοντα.,14,17581,
2148,3146,17574,15681,οὕ|τω καὶ τοῖς γράφουσι | βιβλίου τέλος-:,1,17574,
4152,3167,17581,2520,Ἐτελειώθη σὺν θεῷ καὶ τὸ παρὸν πτυκτίον,0,17581,
4152,3170,17581,761,μηνὶ μαΐῳ δώδεκα ἰνδικτιῶνος τρίτης·,3,17581,
2150,3246,17591,,οὕτω καὶ οἰ ἀ(...)φωντες |,2,17591,
2150,3247,17591,,εἰδεῖν βιβλὴοὖ τέλος,3,17591,
2150,3244,17591,14872,+ ὧσπέρ ξένη χᾶίρου σὺν εἰδεῖν πα|τρὶδα·,0,17591,
2150,3245,17591,14873,(και) οἰ θαλατέβ(...)ντες εὐρὴν | λυμένας,1,17591,
2148,3309,17604,15681,οὔτος καὶ ὁ γράψας | βιβλήου τέλο(ς).,1,17604,
2148,3308,17604,14872,ὥσπερ ξένοι χέρουσιν ἰδεῖν | πατρίδ(α)·,0,17604,
2150,3404,17636,14872,Ὧσπερ ξένοι χαίρουσιν εἱδεῖν π(ατ)ρίδ(α),0,17636,
2150,3405,17636,14873,"καὶ οἱ κυνδυνεύοντες εὑρεῖν λυμένα,",1,17636,
1982,3381,17626,16280,ἐκχεῖ τὸ ῥεῦμα | τῶν ἀειρρύτων λόγων, |,1,17626
1982,3380,17626,16279,"+ ἡ τετρὰς ὦδε, τῶν μαθητ(ῶν) | τοῦ λόγου·",0,17626,
1982,3382,17626,16281,τοίνυν ὀ διψῶν μη κατὄκνει | τοῦ πίνειν,,2,17626
2150,3886,17713,14872,+ ὥσπερ ξένοι χαίροντες ἰδ(εῖν) π(ατ)ρίδα,0,17713,
2150,3925,17726,14872,"+ ὧσπερ ξένη χέροντες, ἡδῆν π(ατ)ρίδα·",0,17726,
2150,3933,17728,14873,καὶ οἱ θαλαττεύοντες ἰδεῖν λυμένα· | ,1,17728,
2311,4012,17754,13727,Εὐριπίδου δράματος Ἠλέκτρας τέλος:,0,17754,
2225,4062,17768,15419,τῶ ἀναγινώσκοντι σὺν προθυ|μία.,1,17768,
2326,4123,17781,941,"ἰχνεύω κατὰ νοῦν ἀμφιδρόμους ἕλικας,",1,17781,
2326,4122,17781,15327,Οἶδ’ ὅτι θνητὸς ἐγὼ κ(αὶ) ἐφήμερος· ἀλλ᾽ ὅταν ἄστρων  ,0,17781,
2150,4483,17873,14872,"ὥσπερ ξαίνη χαίροντες ἰδῦν π(ατ)ριδα,",0,17873,
2150,4485,17873,,καὶ οἱ ἁλιεύοντες ἰδῦν οἱχθείας·,2,17873,
2150,4486,17873,,καὶ οἱ εν ασθενοία ἰδῦν ἰγεία·,3,17873,
2148,4543,17888,14872,"ὤσπερ ξένοι χάιρουσι ιδεῖν πατρί|δα,",0,17888,
2148,4544,17888,15681,ὀύτω κὰι ὁι γράφωντες βι|βλίου τέλος: ||,1,17888,
1953,4710,17942,11239,※ ἔργον ἀριπρεπὲς ἐκ μεγάλου πετροιο μυηθεὶ(...),0,17942,
1862,4727,17950,10959,Ἀγγελικῶν γραφίδων | ἀμαρύγματα πολλὰ κιχήσας: |,0,17950,
1862,4746,17954,10959,"+ ἀγγελικῶν γραφί|δων ἀμαρύγματα πολλὰ κιχήσας, ",0,17954,
1862,4728,17950,15582,ἀνθρώποις ἀνέφηνας ἰδειν νο|οσύνθετον ἄστρον:-,1,17950,
2150,4914,17978,14873,καὶ οἱ θαλατεύ|οντες εὑρεῖν λιμένα·,1,17978,
2150,4992,17996,14872,+ ὥσπερ ξένοι χέρ(ουσιν) ηδῦν π(ατ)ρίδαν·,0,17996,
2150,4915,17978,15681,οὕτως καὶ οἱ γράφοντες | βιβλίου τέ|λος:+++,2,17978,
2225,5135,18035,15815,τὸν ἀναγινώσκοντα μετ᾽ εὐλαβείας,1,18035,
2225,5134,18035,15418,"Τὸν δακτύλοις γράψαντα, τὸν κεκτημένον·|",0,18035,
2148,5238,18056,15681,οὕτως καὶ οἱ γράφον|τες βιβλίου τέλος +,1,18056,
2150,5253,18062,14872,+ ὥσπερ ξένοι χαίροντες ἰδεῖν π(ατ)ρίδα,0,18062,
1953,4711,17942,11240,"μάρκος ἔτευξε τόδε, πν(εύματο)ς ἐν σοφίηι:-",1,17942,
1953,2697,17429,11240,μάρκος ἔτευξε τόδε:,1,17429,
2150,5323,18086,14872,"ὥσπερ ξένοι χαίρουσ(ιν) ἰδεῖν π(ατ)ρίδα, |",0,18086,
2225,5334,18091,15419,τὸν ἀναγινώσκοντα σὺν προθυμία.,1,18091,
1953,5766,18185,11239,ἔργον ἀριπρεπὲς ἐκ μεγάλου πέτρου μυηθεὶς ,0,18185,
1953,5767,18185,11240,μάρκος ἔτευξε· | τόδε πν(εύματος) ἐν σοφίη·,1,18185,
2148,48227,31962,14872,"‧:‧ ὥσπερ ξένοι χαίρουσιν ἰδεῖν πα(τρ)ίδα, ",0,31962,
2148,34892,25401,15681,"ουτως και οι γραφω(ν)τες βιβλιον, τέλ(ος).",1,25401,
1982,5895,18213,16279,+ἡ τετρὰς ὦδε τῶν μαθητῶν τοῦ λόγου,,0,18213
1982,5896,18213,16280,ἐκχεῖ τὸ ῥεῦμα τῶν ἀειρρύτων λόγων:,1,18213,
1982,5897,18213,16281,"τοίνυν ὁ διψῶν, μὴ κατ᾿ὄκνει τοῦ πίνειν:",2,18213,
1982,5898,18213,16282,"ψυχὴν κατάρδων, καὶ ποτίζων τὰς φρένας:−",3,18213,
2150,6004,18236,14872,"+ ωσπερ ξενοι χαιρουσιν ἰδὺν πατρῖδα,",0,18236,
2148,3126,17562,15681,οὕτος καὶ τῶ γρά|φοντι τέλος βιβλίου:-,1,17562,
2150,6279,18306,14872,"Ὥσπερ ξένη χαῖροντες ἱδεῖν π(ατ)ρίδα,",0,18306,
2150,6280,18306,,καὶ ἡ θαλατεύοντες εὑρὴν λοιμένα,1,18306,
2225,6271,18300,15419,τὸν ἀναγινώσκοντα σὺν προθυμία,1,18300,
2225,6272,18300,15420,φύλαττε τοὺς τρεῖς ὦ τριὰς τρισαγία,2,18300,
2150,6281,18306,15681,οὕτως καὶ ἡ γράφοντες βιβλίου τέλος.,2,18306,
2150,6487,18358,14872,"+ ὧσπερ ξένοι χέρουσιν ιδεῖν π(ατ)ρίδ(α),",0,18358,
2148,6513,18365,14872,"+ ὧς πὲρ ξένοι χαίρωντες ιδεῖν π(ατ)ρίδας,",0,18365,
2148,48229,31962,,κ(ύρι)ε βοήθει τοῦ δούλου σου ἰω(άνν)ου.,2,31962,
2225,6538,18373,15418,+ τὸν δακτύλ(οις) γράψαντ(α) τὸν κεκτημ(έν)ον·,0,18373,
2148,6514,18365,15681,οὗτος | (καὶ) οἱ γράφωντες. βιβλίου τέλος.,1,18365,
2225,6539,18373,15815,"τ(ὸν) ἀναγινώσκοντα | μετ᾽ εὐλαβείας,",1,18373,
2150,6668,18396,14872,ὥσπερ ξένοι χέρουσιν ἡδὴν π(ατ)ρίδα,0,18396,
2150,6669,18396,14873,καὶ ἡ θαλαττεύοντες εὑρὴν λιμένα,1,18396,
2148,6738,18423,14872,(....) χαίροντε ἰδεῖν π(ατ)ρίδα:,0,18423,
2148,6725,18418,14872,"ὤσπερ ξένοι χαίρουσιν πατρίδα βλέπειν,",0,18418,
2148,6739,18423,15681,οὕτως καὶ οἱ γράφοντες βιβλίου τέλος.,1,18423,
1982,6798,18448,16280,ἐκχεῖ τὸ ῥεῦμα | τῶν ἀειρρύτων λόγων·,1,18448,
1982,6799,18448,16281,τοίνυν ὁ διψῶν μὴ κατόκνει τοῦ |πίνειν·,2,18448,
1982,6800,18448,16282,ψυχὴν κατάρδων κ(αὶ) ποτίζων τ(ὰς) φρέν(ας):,3,18448,
2150,6834,18466,14872,ὥσπερ ξένοι χαίροντ(αις) ἰδεῖν π(ατ)ρίδα γέν(ους),0,18466,
2150,6843,18469,14872,Ὡσπερ ξένοι χάιρουσιν ἱδεῖν π(ατ)ρίδα γένουσ·,0,18469,
2150,8118,18746,6925,αὐδων βηβήου,2,18746,
2148,7067,18515,14872,"ὥσπερ ξένοι χέροντες ἰδεῖν πατρίδα,",0,18515,
2148,7068,18515,15681,οὗτω (καὶ) ὁι γράφοντες βιβλίω τέλ(ος):- |,1,18515,
2150,7168,18540,14873,"καὶ οἱ θαλαττεύοντες ἰδ(εῖν) λιμένα, |",1,18540,
2150,7167,18540,14872,+ ὥσπερ ξένοι χαίρουσιν ἰδ(εῖν) π(ατ)ρίδα,0,18540,
2150,7173,18542,14872,Ὥσπερ ξένοι χαίρουσιν ἰδεῖν πατρίδα,0,18542,
2150,7288,18561,14872,+ ὧσπερ ξένοι χάιρουσιν εὑρεῖν π(ατ)ρῖδα.,0,18561,
2150,7289,18561,14873,καὶ οἱ θαλαττεύοντες εὑρεῖν λημ(έν)α.,1,18561,
2150,7494,18592,,"καὶ οἱ | θαλατεύοντες τοῦ φθάσαι εἰς λιμένα·,",1,18592,
2225,7594,18605,15815,"τὸν καὶ ψάλλοντα, | μετ᾽ εὐλα(...)ας",1,18605,
2225,7593,18605,15418,"+ τὸν δακτύλοις γράψαντα, τὸν κεκτημένον",0,18605,
2150,47932,31506,14872,+ Ὥσπερ ξένοι χαίρουσιν ἠδεῖν πατρίδα,0,31506,
2150,37383,25962,14872,ὥσπερ ξένοι χαίρουσιν ἰδεῖν π(ατ)ρίδα |,0,25962,
2150,7676,18616,14873,καὶ ἡ θαλατέβοντες εὔριν λι|μένα:·,1,18616,
2225,7732,18632,15815,τὸν ἀναγινώσκοντα μετ᾽ εὐλα|βει(ας),1,18632,
2150,7686,18619,14872,Ὥσπερ ξένοι χαίρουσιν ἡδεῖν πατρίδαν·,0,18619,
2225,7808,18659,11227,τὸν ἀναγινώσκοντα | συνπροθυμία·,1,18659,
2225,7833,18671,,Τὸν γράψαντα· τὸν ἀναγινώσκοντα· τὸν κεκτημένον.,0,18671,
2148,1471,17161,14872,"ὥσπερ ξένοι χαί|ρουσι πατρίδα | βλέπειν,",0,17161,
2148,7852,18677,14872,"+ὥσπερ ξένοι χαίρουσιν πατρίδα βλέπειν,",0,18677,
2225,7809,18659,15420,"φύλαττ(ε) τοὺς | τρεῖς, ἡ τριᾶς τρισσολβίος:-",2,18659,
2225,7834,18671,15420,"τοὺς τρεῖς φύλαττε, ὦ τριὰς τρισολβία:-",1,18671,
2225,7888,18684,15815,"τόν ἀναγινώσκοντα μετ᾽ εὐλαβείας,",1,18684,
2225,7911,18691,4926,τὸν ἀναγινώσκοντα ταύτην τὴν βίβλον,1,18691,
2148,8001,18715,15681,οὕτω καὶ οἱ γράφοντες τέλος βι|βλίου·:·,1,18715,
2148,8101,18742,14872,"+ ὥσπερ ξένοι χαίρουσιν ἰδεῖν π(ατ)ρ(ί)δα,",0,18742,
2150,8117,18746,14873,και ὑ θαλατεβοτε ε<ὑ>ρὴν | λιμυ μεν,1,18746,
2225,8137,18751,15815,"τὸν ἀναγινώσκοντα μετ᾽ εὐλα|βεί(ας),",1,18751,
2150,8307,18785,14872,+ ὥσπερ ξένοι χαίρουσιν ἰδ(εὶν) πα|τρίδα,0,18785,
2150,8308,18785,14873,καὶ οἱ θαλατέβοντες ἰδὴν λι|μένα·,1,18785,
2150,7827,18669,15681,οὕτω | καὶ οἱ γράφοντες ἰδεῖν βιβλίου τέλος·,2,18669,
2148,8434,18827,14872,ὥσπερ ξένοι χαίρουσιν | ἰδεῖν πατρίδα.,0,18827,
2148,8435,18827,15681,οὕτως | καγὼ γράφοντι βιβλίου | τέλος:–,1,18827,
2150,7688,18619,15681,Οὕτως καὶ ἡ γράφων|τες ἰδεῖν βιβλήου τέλος·,2,18619,
2148,8557,18863,14872,"+ ὡς προξένοι χαίρουσιν ἰδεῖν πατρίδα,",0,18863,
2225,8534,18855,15418,"Τὸν δακτύλοις γράψαντα, τὸν κεκτημένον,",0,18855,
2225,8535,18855,15419,καὶ ἀναγινώσκοντα σὺν προθυμίᾳ ,1,18855,
2225,8536,18855,15420,"φύλαττε τοὺς δούλους, ὦ Τριὰς (...)",2,18855,
2148,8558,18863,15681,οὕτως καὶ ὁ γράφων βιβλίου τέλος.,1,18863,
2225,8551,18861,15815,τὸν ἀναγινώσκοντα μετ᾽ εὐλαβείας.,1,18861,
2150,3934,17728,15681,"οὕτως οἱ γράφοντες, ἰδεῖν βιβλίου | τέλος +",2,17728,
2148,8785,18906,14872,ὥσπερ ξένοι χαίρουσι πατρίδα βλέπειν,0,18906,
2225,8788,18907,15815,τῶ ἀναγινώσκοντι |  μετ᾽ εὐλαβεί(ας),1,18907,
3147,8935,18961,9600,"εἰπὲ ποῦ ἡ χθὲς ἔβη· ἡ δ’ αὔριον εἰπὲ ποῦ ἔστιν,",0,18961,
3147,8938,18961,12120,ὁ χρόνος ἀπατέει· φύλλων ἔοικε φύσις.,3,18961,
4245,9551,19092,,(...),1,19092,
4245,9550,19092,14872,ὥσπερ ξένοι χαίροντες (...),0,19092,
2225,9664,19124,,τὸν ἀναγινώσκοντα μετεὐχ(...),1,19124,
3147,9676,19129,9600,·:· εἰπὲ ποῦ ἡ χθὲς ἔβη· ἡ δ᾽ αὔριον εἰπὲ ποῦ ἐστιν·,0,19129,
3147,9677,19129,12118,εἰπὲ δ᾽ ὄθεν προέβης κ(αὶ) ποῦ ὀδοιπορέεις,1,19129,
3147,9678,19129,12119,καὶ τί μέγα ζώειν τὸν αὐτίκα νεκρὸν ἐόντα·,2,19129,
2225,9663,19124,15418,τὸν δάκτυλον γράψαντα τὸν κεκτιμ(έν)ον,0,19124,
2150,9753,19149,14872,ὥσπερ ξένοι χαίρουσιν ἰδεῖν π(ατ)ρίδα· |,0,19149,
1862,9796,19165,10959,"Ἀγγελικῶν γραφίδ(ων) ἀμαρύγμ(α)τα πολλὰ κιχήσας,",0,19165,
1862,9797,19165,15582,ἀν(θρώπ)οις ἀνέφην(ας) ἰδεῖν ζοοσύνθετον ἄστρ(ον):,1,19165,
3436,10463,19350,15652,αἰσχύλε τί φ(ῆς) τ(οὺς) θ(εούς) σου προσφέρεις |,0,19350,
2326,10423,19345,15328,"μαστεύω| πυκνὰς ἀμφιδρόμους ἕλικας,",1,19345,
3436,10464,19350,15653,"[πάσχοντας] | αἰσχρ(ῶς) ἐκ θε(ῶν) ὁμοτρόπ(ων), |",1,19350,
3436,10466,19350,15655,θε(οὺς) σεβάζων τ(οὺς) παθητ(οὺς) τ(ὴν) φύσ(ιν) |,3,19350,
4245,10911,19462,,++++++++,3,19462,
2150,10917,19464,14872,ὥσπερ ξένοι χαίρουσιν (...),0,19464,
2150,11415,19559,,οὕτους κ(αὶ) η γράφ(ον)τες ευρ(ειν) λημιόνα.,2,19559,
2150,11433,19567,,ἰδὴν το τελὸς τοῦ βήβλήου ἀμην.,3,19567,
2150,11430,19567,14872,[ὥσπερ ξένοι ...],0,19567,
2150,11410,19558,14872,ὥσπερ ξένοι χέροντες ἰδεῖν π(ατ)ρίδα,0,19558,
2150,11548,19595,14872,Ὥσπερ ξένοι χαίρουσιν (...),0,19595,
1862,11643,19628,10959,Ἀγγελικῶν γραφίδων ἀμαρύγμ(α)τ(α) πολλὰ κιχήσας:-,0,19628,
2150,11705,19656,14872,ὥσπερ ξένοι χαίρουσιν ἰδαῖν πατρίδα,0,19656,
2150,11706,19656,14873,καὶ οἱ θαλατέβοντες θεάσασθε λυμένα,1,19656,
3762,11731,19670,14100,+δέλτος | φέριστος | λαμπρά τοῦ | θεολό|γου,0,19670,
1982,11868,19698,16279,Ἡ τετρὰς ὦδε τῶν | μαθητῶν τοῦ λόγου· |,0,19698,
1953,11881,19702,11239,"ἔργον ἀριπρεπὲς ἐκ μεγάλου πέτρου | μυηθεὶς,",0,19702,
2150,11829,19694,14872,ὥσπερ ξένοι χαίρωντες ἱδεῖν πατρίδα·,0,19694,
1953,11882,19702,11240,μάρκος ἔτευξε τόδε πν(εύματο)ς ἐν σοφίη:,1,19702,
2150,12004,19723,14873,"κ(αὶ) οἱ θαλαττεύον(τες) ἰδ(εῖν) λιμ(έν)α,",1,19723,
2148,12071,19736,,ουτος και ηγραφὸντες βοιβλεου τέλοῦς,1,19736,
5248,12105,19746,5354,τῆς γραμματικῆς εἰμὶ τέχνης πυξίον· ,0,19746,
5248,12106,19746,5355,εὔλη|πτον εστενόμενον·,1,19746,
2150,12127,19756,14872,Ὥσπερ ξένοι χάιροντες ἰδεῖν πατρίδα,0,19756,
1982,12237,19784,16279,ἡ τετρὰς ὦδε τ(ῶν) μαθητῶν τοῦ λόγου:,0,19784,
1982,12238,19784,16280,"ἐκχεῖ τὸ ῥεῦμα, τῶν ζωορύτων λόγων:-",1,19784,
1982,12239,19784,16281,τοίνυν ὁ διψῶν μὴ κ(α)τόκνει τοῦ πίνειν:-,2,19784,
2148,12645,19899,14872,ὥσπερ ξαίνοι χαί|ρουσιν ὑδεὶν π(ατ)ρί|δα ,0,19899,
2148,12646,19899,15681,οὕτω καὶ οἱ γράφοντες | βοιβλίου τέλο(ς),1,19899,
3987,13105,20021,2372,ᾠδὴν τελειῶν μητροπαρθένου κόρης.,1,20021,
3987,13104,20021,2373,αἰνεῖ προφήτης τὸν Θεὸν Ζαχαρίας,0,20021,
1862,13154,20045,10959,ἀγγελικῶν γραφίδων ἀμαρύγματα πολλὰ κιχήσας·,0,20045,
1862,13233,20084,10959,ἀγγελικῶν γραφίδων ἀμαρύγματα πολλὰ | κιχήσας,0,20084,
1982,13260,20101,16279,Ἡ τετρὰς ὦδε τῶν μαθητῶν τοῦ λόγου,0,20101,
2148,13191,20059,15681,οὕτως καὶ οἱ... βιβλίου τέλος... \\\\\\\\\ ἀμὴν +,1,20059,
3147,13539,20167,9600,Εἰπὲ ποῦ ἡ χθὲς ἔβη· ἡ δ’ αὔριον εἰπὲ ποῦ ἐστιν:,0,20167,
3147,13540,20167,12118,εἰπέ πόθ(εν) προέβης (καὶ) ποῦ ὁδοιπορέεις:,1,20167,
3147,13541,20167,12119,(καὶ) τί μέγα ζώειν τὸν αὐτίκα νεκρὸν ἐόντα:,2,20167,
3147,13542,20167,12120,ὁ χρόνος ἀστατέει· φύλλῳ ἔοικε φύσις:,3,20167,
3147,13543,20167,12121,γαῖα βροτὸς (καὶ) ὕδωρ· τὰ δ' ἀπ' αὐτόφ(ιν) εἰς τάδε δύνει:,4,20167,
3147,13874,20256,,(...),1,20256,
3147,13875,20256,12122,(...) καὶ ὅσα τίς πονέει +,2,20256,
1953,13881,20259,11239,"+ Ἔργον ἀριπρεπες ἐκ μεγάλου | πέτρου μυηθεις,",0,20259,
1953,13882,20259,11240,μάρκος ἔτευ|ξε τόδε πν(εύματο)ς ἐν σοφίη:-,1,20259,
3147,13873,20256,9600,"Ἐιπὲ ποῦ ἡ χθὲς ἔβη. ἡ δ᾽ αὔριον, ποῦ ἔσται.",0,20256,
2148,13871,20255,14872,"ὥσπερ ξένοι χαίρουσι ἰδεῖν πατρίδα,",0,20255,
2148,13872,20255,15681,οὕτω καὶ οἱ γράφοντες βιβλίου τέλος:,1,20255,
4152,13965,20289,2520,Ἐτελειώθη σὺν Θεῷ τὸ παρὸν πυκτίον,0,20289,
4155,13986,20291,,ἡ δ' ἅπασα γραφῆ εἰς τὸν αἰῶνα μένει·,1,20291,
1953,13991,20293,11239,ἔργον ἀριπρεπὲς ἐκ μεγάλου πέτριο μνησθείς∙,0,20293,
4155,13985,20291,10869,Ἡ μὲν χεὶρ ἡ γράψασα σήπεται τάφῳ,0,20291,
4152,13975,20289,9788,τρισύλλαβός εἰμι νόει μέν · ἡ ὑστάτη καὶ ἡ μέση,10,20289,
1953,13992,20293,11240,μάρκος ἔτευξε τόδε πν(εύματο)ς ἐν σοφίη :,1,20293,
4152,13976,20289,9789,"ἀνὰ τρία γράμματα ἔχει ἑκάστη, ἡ λοιπὴ δὲ τὰ λοιπά·",11,20289,
4152,13977,20289,9790,τοῦ παντὸς δ' ὁ ἀριθμός εἰσιν ἑκατοντάδες τρεῖς· τὸ τρὶς,12,20289,
4152,13978,20289,9791,"καὶ δέκα δὶς τετράκις, ἤγουν ὁ πᾶς",13,20289,
1862,14652,20448,10959,Ἀγγελικῶν γραφίδων ἀμαρύγματα πολλὰ βιχήσας,0,20448,
1862,14653,20448,15582,ἀνθρώποις ἀνέφηνας ἰδεῖν νοὸς σύνθετον ἄστρον.,1,20448,
4245,14732,20482,14872,ὥσπερ ξένοι χαίροντες ἰδεῖν πατρίδα,0,20482,
4245,14733,20482,14873,καὶ οἱ θαλαττεύοντες εὑρεῖν λιμένα,1,20482,
4152,14869,20509,9762,"κύκλος ἡλίου δέκατος, σελήνης δὲ κγ'",2,20509,
4152,14867,20509,2520,Ἐτελειώθη σὺν θεῷ τὸ παρὸν πυκτίον,0,20509,
4152,14868,20509,761,μηνὶ Μαΐῳ ιβ' ἰνδ. γ',1,20509,
4152,14872,20509,5018,καὶ πόνημα καὶ σύγγραμμα τοὔνομα Διόπτρα· ,5,20509,
4152,14878,20509,9790,τοῦ παντὸς δύο· ἀριθμός εἰσιν ἑκατοντάδες τρεῖς ἐκ τρίτου,11,20509,
4152,14880,20509,9792,ψῆφος τοῦτων ϡπ.,13,20509,
2225,14975,20535,15815,τ(ὸν) ἀναγινώσκοντα μετ᾽ εὐλαβείας·,1,20535,
2148,15101,20553,15681,οὔτο (καὶ) ὑ γράφοντες ἡδὶν βυβλίου τέλος.,1,20553,
5030,15245,20585,15261,+ ἄρξου χ(...),0,20585,
2311,15796,20718,13727,+ εὐριπίδου δράμ(α)τ(ος) ἠλέκτρας τέλος,0,20718,
1982,15804,20721,16279,ἡ τετρὰς ὧδε | τῶν μαθητ(ῶν) τοῦ λόγου:,0,20721,
4245,16169,20789,6160,καὶ ἡ | πραγματεύοντες ευρεῖν τὸ κέρδ(ος),2,20789,
3147,16197,20794,12118,εἰπὲ πόθεν προύβης· (καὶ) ποῖ ὁδοιπορέεις·,1,20794,
3147,16198,20794,12119,καὶ τί μέγα ζώειν τὸν αὐτίκα νεκρὸν ἐόντα·,2,20794,
3147,16199,20794,12120,ὁ χρόνος ἀστατέει· φύλλῳ ἔοικε φύσις·,3,20794,
5030,29346,23966,14882,γράφε γράτα | καλὰ,1,23966,
3147,16359,20835,12120,ὁ χρόνος ἀπατέει· φύλλῳ ἔοικε φύσις·,3,20835,
3147,16356,20835,9600,ἰπὲ ποῦ ἡ χθὲς ἔβη· ἡ δ’ αὔριον εἰπέ ποῦ ἐστὶν,0,20835,
3147,16360,20835,12121,γαῖα βροτὸς (καὶ) ὕδωρ· τὰ ἀπ’ αὐτώσφιν εἰς τάδε δύνει·,4,20835,
2311,16604,20915,13727,+ εὐριππίδου δράματος ἠλέκτρας τέλος: ++,0,20915,
2225,16544,20890,15418,+ τὸν δακτύλοις γράψαντα τὸν κεκτημένον·,0,20890,
2150,16521,20878,15681,οὕτ(ως) (καὶ) οἱ γράφοντες βιβλίου τέλ(...)ς,2,20878,
2225,16545,20890,15815,τὸν ἀναγινώσκωντα μετ᾽ εὐλαβεί(ας)· |,1,20890,
3147,16767,20961,9600,Εἰπὲ ποῦ ἡ χθὲς ἔβη· ἡ δ’ αὔριον εἰπὲ ποῦ ἐστιν·,0,20961,
3147,16768,20961,12118,εἰπὲ δ' ὅθεν προέβης καὶ ποῦ ὁδοιπορέεις·,1,20961,
3147,16769,20961,12119,καὶ τί μέγα ζώειν γε τὸν αὐτίκα νεκρὸν ἐόντα·,2,20961,
3147,16770,20961,12120,ὁ χρόνος ἀστατέει· φύλλῳ ἔοικε φύσις·,3,20961,
3147,16771,20961,12121,γαῖα βροτὸς (καὶ) ὕδωρ· τὰ ἀπ’ αὐτόφ(ιν) εἰς τάδε δύνει·,4,20961,
3147,16772,20961,12122,ὥστε μάτην ὁ βίος (καὶ) ὅσα τις πονέει:+,5,20961,
2148,16806,20982,14872,ὥσπερ ξένοι χαίρουσιν ἰδεῖν αὐτ(ῶν) π(ατ)ρίδα· ,0,20982,
3147,16825,20994,9600,"Εἰπὲ ποῦ ἡ χθὲς ἔβη, ἡ δ’ αὔριον εἰπὲ ποῦ ἐστιν·",0,20994,
3147,16828,20994,12120,Ὁ χρόνος ἀστατέει· φύλλῳ ἔοικε φύσις.,3,20994,
3147,16826,20994,12118,εἰπὲ πόθεν προὔβης καὶ ποῦ ὁδοιπορέεις·,1,20994,
3147,16827,20994,12119,καὶ τί μέγα ζώειν [σε] τὸν αὐτίκα νεκρὸν ἐόντα.,2,20994,
3147,16829,20994,12121,"Γαῖα βροτὸς καὶ ὕδωρ· τὰ ἀπ’ αὐτόφιν εἰς τάδε δύνει,",4,20994,
3147,16830,20994,12122,ὥστε μάτην ὁ βίος καὶ ὅσα τις πονέει.,5,20994,
1862,17091,21069,10959,"Ἀγγελικῶν γραφίδων ἀμαρύγματ(α) πολλὰ κιχήσας,",0,21069,
1862,17397,21105,10959,"Ἀγγελικῶν γραφίδων ἀμαρύγματα πολλὰ κιχήσας,",0,21105,
3436,17409,21112,15652,"Αἰσχύλ(ε) τὶ φῆς τοὺς θεούς σου προσφέρεις, ",0,21112,
3436,17410,21112,15653,πάσχοντας αἰσχρῶς ἐκ θεῶν ὁμοτρόπων, ,1,21112
2148,8786,18906,15681,οὕτως καὶ οἱ γράφοντες βιβλίου τέλος.,1,18906,
2148,17845,21180,14872,(...) πατρίδα βλέπειν (...),0,21180,
2148,17846,21180,,(...),1,21180,
2148,48384,32143,14872,ὥσπερ ξένοι χαίρουσιν ἰδεῖν πατρίδα,0,32143,
2148,9811,19176,14872,+ ὥσπερ ξένοι χαίρουσιν πατρίδα ἐμβλέψαι·,0,19176,
2326,18137,21251,941,"ἰχνεύω κατὰ νοῦν ἀμφιδρό|μους ἕλικας,",1,21251,
2326,18136,21251,15327,"οἶδ’ ὅτι θνητὸς ἔφυν καὶ | ἐφάμερος, ἀλλ’ ὅταν ἄστρων· |  ",0,21251,
2150,42432,28796,15681,οὕτω καὶ οἱ γράφοντες ἰδεῖν | βιβλίου τέλος:-,2,28796,
2148,48385,32143,15681,οὕτω καὶ οἱ γράφοντες βιβλίου τέλος,1,32143,
2225,18280,21277,8063,τοὺς τρεῖς ἅμα φύλαττε τριὰς ἅγια.,2,21277,
2150,9755,19149,15681,οὕτος (καὶ) οἱ γράφοντες:- | ἰδεῖν βιβλίου τέλος:-,2,19149,
2225,18262,21266,15420,"φύλαττε τ(οὺς) τρεῖς, ὦ τριὰς, τρισολβία: +",2,21266,
2225,18279,21277,15815,"τὸν δ' ἀναγινώσκοντα μετ' ἐυλαβεῖς, ",1,21277,
2150,7677,18616,15681,οὕτ(ως) καὶ ἡ γράφωντες βιβλίου | τέλος:·,2,18616,
1953,18492,21339,11240,μάρκος. ἔτευξε τόδε πν(εύματο)ς ἐν σοφίη +,1,21339,
2225,18744,21394,,τέλος.,3,21394,
2225,18741,21394,15418,Τὸν δακτύλοις γράψαντα· τὸν κεκτημένον.,0,21394,
2225,18742,21394,15815,τὸν ἀναγινώσκοντα μετ' εὐλαβείας.,1,21394,
1982,18755,21397,16279,+ ἡ τετρὰς ὧδε τῶν μα|θητῶν τοῦ λόγου·,0,21397,
2225,18743,21394,15420,"φύλαττε τοὺς τρεῖς, ἡ τριὰς τρισολβίως.",2,21394,
1862,18967,21456,15582,ἀν(θρώπ)οις ἀνέφηνας ἰδεῖν νοὸς σύν|θετον ἄστρον:-,1,21456,
4155,19134,21483,,σκιἀ κὰι τέρφα υπ(έ)ρ. τῆς ὦ ἄνθρωπε ,1,21483,
4155,19135,21483,,τί συνε περ(ὶ) σε κύψον βλέψον ,2,21483,
4155,19136,21483,,ἐν τὸ τάφω τ(ὴν) ζὼ(ὴν) σου κὰι θρίνησον:-,3,21483,
2225,49644,33571,15418,"+ τὸν δακτύλοις γράψαντα, τὸν κεκτημ(έν)ον",0,33571,
2225,49645,33571,15419,"τὸν ἀναγινώσκοντα σὺν προθυμία,",1,33571,
2225,8789,18907,15420,φύλατται τοὺς Γ᾽ ὢ τρι(ὰς) παναγία:·,2,18907,
2225,49646,33571,15420,φύλαττε τοὺς τρεῖς· ὦ τριᾶς τρισολβία +,2,33571,
5248,19241,21505,5354,Γραμματικῆς εἰμὶ τέχν(ης) πυκτίον·,0,21505,
5248,19246,21505,5359,"ἅπαν τὲ λόγον, μαθητ(ῶν) φάος πέλω :+",5,21505,
2148,17849,21183,14872,"Ὥσπερ οἱ ξένοι χαίρουσιν ἰδεῖν π(ατ)ρίδα,",0,21183,
2150,7186,18548,14872,"+ ὥσπερ ξένοι χαίρου(σ)ιν ἰδ(εῖν) π(ατ)ρίδα,",0,18548,
2225,19480,21556,15815,"τὸν ἀναγινώσκοντα μετ᾽ εὐλαβείας,",1,21556,
2150,16519,20878,14872,ὥσπερ ξένοι χαίρουσιν ἰδ(εῖ)ν π(ατ)ρίδα·,0,20878,
4245,48414,32232,14872,+ ὧσπερ ξένοι χαίρουσην ειδήν πατρίδα ,0,32232,
4245,48415,32232,12626,"καὶ ι θαλατέβον|ταις ειδὴν λημῶνα, ",1,32232,
4245,19887,21663,,και ἱ θαλαττεβοντες ἱδιν λιμ(έν)α,1,21663,
4245,19886,21663,14872,ώσπερ ξεν(οι) χέροντες ϊδὶν πατρΐδα,0,21663,
2150,6844,18469,14873,καὶ οἱ θαλατεύον(τες) ἰδεῖν λιμένα·,1,18469,
2150,7187,18548,14873,καὶ | οἱ θαλατεύοντες εὑρεῖν λιμένα·,1,18548,
2150,11412,19558,14873,κ(αὶ) οἱ θαλαττεύοντες,2,19558,
2150,245,16941,14802,και η στρατεβόμενοι ηδὶν τον ηκος,2,16941,
4245,14734,20482,14802,"καὶ οἱ στρατευόμενοι ἰδεῖν τό κέρδος,",2,20482,
4245,48417,32232,14802,καί οἱ στρατευόμενοι ειδήν το νήκος | ,3,32232,
4245,19888,21663,14802,"και οἱ στρ<α>ττεβόμ(εν)οι ἱδιν τὸ ν<ῖκος>,",2,21663,
5030,20142,21743,,(...),2,21743,
2148,20323,21775,14872,Ὥσπερ ξένοι χαίροντες ἰδῆν πατρίδα,0,21775,
4245,48418,32232,15681,οὖτος καί οἱ γράφονταις ειδήν βοιβλήου τέλος,4,32232,
5030,20788,21896,14882,γράψον γράμματα καλὰ,1,21896,
5030,20787,21896,15261,ἄρξον χείρ μου ἀγαθὴ ,0,21896,
2148,7853,18677,15681,οὕτως (καὶ) τοῖς κάμνουσι βιβλίου τέλο(ς),1,18677,
2148,5119,18026,15681,οὕτο(ς) ἡ γράφοντ(ες) βιβλίου τέλ(ους) ·:·,1,18026,
4245,21521,22052,14872,"Ὥσπερ ξένοι χαίρ(ον)τες, ἰδεῖν π(ατ)ρίδα",0,22052,
4245,21522,22052,14873,καὶ οἱ θαλατε|ύοντες ἱδεῖν λιμ(έν)α·,1,22052,
5248,21545,22057,5354,Τῆς γραμματικῆς τέχνης εἰμὶ πιξίον·,0,22057,
5248,21546,22057,5355,εὔληπτον ευσύνη|πτον ἐστενομένον·,1,22057,
5248,21547,22057,5356,"σαφὲς καθαρὸν, εὐκρινὲς γεγραμ(έν)ον· |",2,22057,
2148,21585,22064,,χ(ριστ)ε μου φοι|λατ(ε) τοῦς (…) τεικουντ(ας),2,22064,
2148,21583,22064,14872,+ οσπερ ξένοι | χαιρουσιν ηδ(ειν) | π(ατρι)δα,0,22064,
4245,21523,22052,15681,οὕτω καὶ οἱ γράφοντες βιβλίου| τέλος:-,2,22052,
4245,21661,22089,14872,+ὥσπερ ξένοι χαίροντες ἰδεῖν π(ατ)ρίδα,0,22089,
4245,21662,22089,14873,καὶ οἱ θαλαττεύοντες ἰδεῖν λιμένα,1,22089,
4245,21663,22089,15681,οὕτω καὶ οἱ γράφοντ(...),2,22089,
2326,22421,22230,15328,"μαστεύω, πυκινὰς ἀμφιδρόμους ἕλικας",1,22230,
3147,22607,22264,9600,εἰπὲ ποῦ ἡ χθὲς ἔβη ἡ δ’ αὔριον εἰπὲ ποῦ ἐστιν,0,22264,
3147,22608,22264,12118,εἰπὲ πόθ(εν) προέβ(ης) (καὶ) ποῦ ὁδοιπορέεις.,1,22264,
3147,22609,22264,12119,(καὶ) τί μέγα ζώειν τ(ὸν) αὐτίκα νεκρ(ὸν) ἐόντα,2,22264,
3147,22610,22264,12120,ὁ χρόνος ἀστατέει· φύλλω ἔοικε φύσ(ις),3,22264,
3147,22611,22264,12121,γαῖα βροτὸς καὶ ὕδωρ τὰ ἀπ’ αὐτόφ(ιν) εἰς τάδε | δύνει,4,22264,
3147,22612,22264,12122,ὥστε μάτην ὁ βίο(ς) (καὶ) ὅσα τ(ις) πονέει+,5,22264,
2148,12069,19735,15681,ουτος καὶ γραφοντες βοιβληου τέλους,1,19735,
2148,23064,22326,14872,+ ὥσπερ ξένοι χαίρουσι ἰδεῖν π(ατ)ρίδα,,0,22326
2148,23065,22326,11166,οὕτω γραφεὺς γέγηθε βιβλίου τέλει:-,1,22326,
3147,23229,22362,,(...),1,22362,
3147,23228,22362,9600,Εἰπέ· ποῦ ἡ χθὲς ἔβη (...),0,22362,
1982,23240,22369,16279,"Ἡ τετρὰς ὧδε, τῶν μαθητῶν τοῦ λόγου",0,22369,
1982,23257,22372,16279,·:· ἡ τετρὰς ὧδε τῶν μαθητῶν | τοῦ λόγου: |,0,22372,
2148,6874,18472,14872,ὅσπερ (!) ξένοι χαίρωντες (!) ἰδεῖν πατρίδα,0,18472,
2148,12070,19736,14872,ὢσπερι ξἐνη χερουσιν ἠδὶν πατρίδα,0,19736,
2150,24991,22893,14872,"Ὥσπερ ξένη χαίρουσ(ι) ἰδεῖν π(ατ)ρίδ(α),",0,22893,
6473,23716,22471,15479,θῆτα· θεῶν ἀγορὴν· τρώων κράτος· ἕκτορος εὖχος:·,0,22471,
6475,23717,22472,15480,ἐξεσίη δ᾽ ἀχιλῆος ἀπειθέος ἐστὶν ἰῶτα:,0,22472,
4152,23756,22487,761,Μηνὶ μαίω δῶδεκα ἰνδικτιῶνο(ς) τρίτης,3,22487,
4152,23757,22487,9762,Κύκλος σελεῖνης δέκατο(ς) ἠλίου εἰκὰς τρίτι ,4,22487,
4152,23765,22487,9790,Τοῦ παντὸ(ς) (δὲ) ὁ ἁρηθμὸ(ς) εκατ(ων)τάδ(ες) τρεὶς το τρ(εῖς),12,22487,
4152,23758,22487,9763,Ἐτους εξἄκις χείλια (και) ἐξἀκὼς προ(ς) τοῦτ(οις),5,22487,
5030,23776,22494,15261,+ ἄρξου χεῖραν ἀγαθην ,0,22494,
2150,42240,28568,14872,+ ὥσπερ ξένοι | χ(...)ρ(ὸν)τ(ες) ἐδιν | π(ατ)ρίδα,0,28568,
6473,23850,22534,15479,Θῆτα θεῶν ἀγορὴ τρώων κράτος ἕκτορο(ς) εὖχο(ς).,0,22534,
2150,42238,28567,14873,καὶ οἱ θαλατέβοντες | ιδεῖν λυμένα· ,1,28567,
1862,24031,22599,10959,"Ἀγγελικῶν γραφίδων ἀμαρύγματα πολλ(ὰ) μιχήσ(ας),",0,22599,
6475,24000,22578,15480,+ ἐξεσίη δ᾽ ἀχιλῆος ἀπειθέος ἐστίν ἰῶτα :‒,0,22578,
6473,23999,22577,15479,+ θῆτα· θεῶν ἀγορὴν· τρώων κράτος· ἕκτορος εὖχος :‒,0,22577,
6475,24152,22664,15480,ἐξεσίη δ᾽ ἀχιλῆος ἀπειθέος ἐστὶν ἰῶτα:‒,0,22664,
6473,24151,22663,15479,θῆτα θεῶν ἀγορή· τρώων κράτος ἕκτορο(ς) εὖχο(ς)·,0,22663,
6473,24213,22714,15479,"Θῆτα θεῶν ἀγορή, τρώων κράτος, ἕκτορος εὖχος.",0,22714,
6475,24219,22716,15480,Ἐξεσίη δ᾽ Ἀχιλῆος ἀπειθέος ἐστὶν ἰῶτα.,0,22716,
6475,24114,22634,15480,ἐξεσίη δ’ ἀχιλῆος ἀπειθέος ἐστὶν ἰῶτα:,0,22634,
2148,49,16907,15681,οὕτω (καὶ) οἱ γράφοντες τέλος βιβλίου +,1,16907,
4152,23754,22487,5018,Τὸ πόνημα τὸ σύγγραμμα ἠ εὑτελὴς διὄπτρα,1,22487,
4152,13971,20289,5018,καὶ ποίημα καὶ σύγγραμμα τοὔνομα δὲ Διόπτρα ·,6,20289,
4152,29531,24008,5018,"τὸ πόνημα τὸ σύγγραμμα, ἡ εὐτελὴς διόπτρα,",1,24008,
4152,3168,17581,5018,"τὸ πόνημα, τὸ σύγγραμα, ἡ εὐτελὴς Διόπτρα,",1,17581,
4152,23755,22487,2521,Δια χεἰρὸς ἀμαρτωλοῦ μοναχοῦ τὲ κ(αὶ) ξένου,2,22487,
4152,23759,22487,763,Προς δὲ (και) τρεία ἔτερα ἐπι τοῦτοις τυγχάνει·,6,22487,
4152,23767,22487,9792,"Ψίφος τοῦτ(ων), ἐννακο(ς) ὁγδωἤκωντα·",14,22487,
1953,24730,22812,11239,"ἔργον ἀριπρεπὲς ἐκ μεγάλου πέτρου | μυηθεὶς,",0,22812,
1953,24731,22812,11240,μάρκος ἔτευξε τόδε πν(εύματο)ς | ἐν σοφίη:-,1,22812,
1953,24774,22822,11239,"ἔργον ἀριπρεπὲς ἐκ μεγάλου πέτρου μυηθ(εὶς),",0,22822,
2148,24786,22826,14872,+ ὦσπερ ξένη χαίρου|σιν π(ατ)ρίδα βλέπειν· | ,0,22826,
1982,24791,22830,16279,† Ἡ τετρὰς ὦδε τῶν μαθητῶν τοῦ λόγου: |,0,22830,
1953,24751,22815,11240,μάρκος ἔτευξε τόδε πν(εύματο)ς ἐν σοφίη:-,1,22815,
2148,24787,22826,15681,οὖτως καὶ ἡ γρά|φοντες βιβλίου τέλ(ος) :·,1,22826,
1982,24792,22830,16280,Ἐκχεῖ τὸ ῥεῦμα τῶν ἀειρρύτων λόγων: |,1,22830,
1982,24793,22830,16281,Τοίνυν ὁ διψῶν μὴ κατόκνει τοῦ πίν(ειν): |,2,22830,
6473,24987,22889,15479,θῆτα θε(ῶν) ἀγορὴ. Τρώων κράτο(ς) ἕκτορο(ς) εὖχος:-,0,22889,
2150,24992,22893,14873,"καὶ οἱ θαλαττέβοντ(ες) ιδεῖν λιμέν(α),",1,22893,
2150,24993,22893,14802,κὰι οἱ στρατεβόμ(εν)οι ἰδεῖν τὸν οἶκον·,2,22893,
1862,25042,22924,10959,"+ ἀγγελικ(ῶν) γραφίδ(ων) ἀμαρύγμ(α)τα πολλὰ κιχήσας,",0,22924,
6475,24988,22890,15480,ἐξεσίη δ᾽ ἀχιλήος ἀπειθέο(ς) ἐστὶν ἰῶτα:-,0,22890,
4245,25411,23012,14873,καὶ ἡ κινδύνευον(τ)(ες) εὐρεῖν λειμ(έν)α |,1,23012,
1862,25444,23021,10959,ἀγγελικῶν γραφίδων ἀμαρύγματα πολλὰ κιχήσας·,0,23021,
4245,25412,23012,6160,κ(αὶ) ἡ πραγματεύον(τ)(ες) ἱδεῖν τὸ κέρδος·,2,23012,
1862,25445,23021,15582,ἀν(θρώπ)οις ἀνέφηνας ἰδεῖν νοοσύνθετον ἄστρον:-,1,23021,
4245,25612,23079,14872,ὡσπερ ξενοί χερονται οἰδην π(ατ)ρίδα,0,23079,
4245,25614,23079,15681,οὕτ(ως) καὶ οι β<ιβ>λογραφῶνταῖς οιδην βιβλῆου ταὶλος.,2,23079,
4245,25613,23079,,καὶ υ θαλλαταίβωνταις οιδην λιμ(εν)α ,1,23079,
1862,25554,23062,10959,ἀγγελικῶν γραφίδων· ἀμαρύγματα· πολλὰ κιχήσ(ας):-,0,23062,
1862,25549,23059,15582,αν(θρώπ)οις | ἀνέφηνας ιδειν νο|οσύνθετον ⁘,1,23059,
1982,25734,23090,16279,+ ἡ πηγὴ ὧδε τῶν μαθη|τῶν τοῦ λόγου·,0,23090,
2225,5333,18091,15418,τὸν δακτύλοις γράψαντα· τὸν κεκτημένον·,0,18091,
1982,25735,23090,16280,ἐκχεῖ τὸ ρεῦ|μα τῶν ἀειρρύτων λόγων.,1,23090,
2225,44868,22490,15815,Τῶ δ' αὐ ἀναγινῶσκοντι μ(...)᾽ εὐλαβείας·,1,22490,
2225,3453,17657,15815,⁘ τὸν ἀναγινωσκοντα μετ᾽ ευλαβείας:,1,17657,
5030,26161,23158,13951,μι θαροῖς καὶ ληποιθοῖς ,2,23158,
2148,26135,23150,14872,Ὥσπερ ξένοι χαίρουσιν ἰδεῖν πατρίδα,0,23150,
2148,26136,23150,,(...),1,23150,
5030,26153,23154,,(...),2,23154,
5030,26163,23158,,καὶ οὐ (...),4,23158,
5030,26165,23159,14882,γραφε γάματα (...),1,23159,
5030,26162,23158,9915,καὶ ἡστερα μετανόεῖς ,3,23158,
1862,26436,23215,10959,Ἀγγελικῶν γραφίδων ἀ|μαρύγματα πολλὰ κιχή|σας.,0,23215,
2150,42242,28568,15681,οὑτος κ(αὶ) | οἱ γραφωντ(ες) ἔδην | βιβλίου τέλος +,2,28568,
2148,24326,22747,15681,οὕτως καὶ οἱ γράψαντες βιβλίου τέλος.,1,22747,
6473,26507,23247,15479,θῆτα θεῶν ἀγορὴ· τρώ(ων) κράτο(ς)· ἕκτορο(ς) ἀρχή:,0,23247,
6475,26508,23248,15480,ἐξεσίη δ᾽ ἀχιλῆος ἀπειθέος ἐστὶν ἰῶτα,0,23248,
5030,49716,33686,15261,"Ἄρξου, χείρ μου ἀγαθή",0,33686,
2148,26547,23274,14872,"ὥσπερ ξένοι χαίρουσιν ἰδόντες πατρίδα,",0,23274,
5030,26751,23388,15261,+ Ἄρξου χεῖρ μου ἀγ[αθὴ].,0,23388,
1982,26661,23343,16279,Ἡ τετρὰς ὧδε τῶν μαθη|τῶν τοῦ λόγου:,0,23343,
1982,26662,23343,16280,Ἐκχεῖ τὸ ῥεῦμα· τῶν ἀει|ρρύτων λόγων:,1,23343,
1862,26850,23446,10959,"⁘ Ἀγγελικῶν γραφίδων ἀμαρύγματα πολλὰ κιχήσας,",0,23446,
6473,26736,23373,15479,+θῆτα θεῶν ἀγορή· τρώων κράτο(ς). ἕκτορο(ς) εὖχος·+,0,23373,
6475,26737,23374,15480,+ ἐξαισίη δ' ἀχιλῆος ἀπειθέος ἐστὶν ἰῶτα:~,0,23374,
5030,26772,23400,15261,(...)ξυ χηρ μου αγαθ ,0,23400,
5030,44876,30617,14882,γράφε γράματα κα(...),1,30617,
5030,44875,30617,15261,+ ἄρξου χήραν αγαθην,0,30617,
5030,27056,23496,13949,καὶ ὕστερον μετανώυσυς,3,23496,
5030,27053,23496,15261,[.]φαρξον χεὶ μου αγαθε,0,23496,
2148,8233,18773,14872,"Ὥσπερ ξένοι χαίρουσιν ἰδεῖν πατρίδα,",0,18773,
2150,3406,17636,15681,οὕτ(ως) καί οἱ γράφοντες εὑρ(εῖν) βιβλίου τέλο(ς),2,17636,
5030,28010,23683,13951,μοι δαροὶς καὶ λειπειθεὶς ,2,23683,
6473,27960,23667,15479,"Θῆτα, θεῶν ἀγορή· τρώων κράτο(ς)· ἕκτορος εὖχος:-",0,23667,
5030,28011,23683,9915,καὶ εἴσταιρον μετανοείσεις (sic),3,23683,
5030,28009,23683,14882,γράψε γράματα καλὰ ,1,23683,
4245,28084,23709,14872,[ὥ]σπερ ξένοι χαίροντες ἰδεῖν πατρίδα·,0,23709,
5030,28008,23683,15261,ἄρξου χῆρ μου ἀγαθεὶ ,0,23683,
2148,4458,17866,15681,οὕτως τε οἱ γράφοντες βιβλίου τέλος +,1,17866,
4245,28086,23709,6160,οἱ πραγματεύοντες ἰδεῖν τὸ κέρδος·,2,23709,
4245,28085,23709,14873,οἱ θαλαττεύοντες ἰδεῖν λιμένα·,1,23709,
1982,28226,23717,16279,"Ἡ τετρὰς ὧδε, τῶν μαθητῶν τοῦ λόγου:",0,23717,
1982,28227,23717,16280,"Ἐκχεῖ τὸ ῥεῦμα, τῶν ἀειρρύτων λόγων:",1,23717,
1982,28228,23717,16281,"Τοίνυν ὁ διψῶν, μὴ κατόκνη τοῦ πίνειν:",2,23717,
1982,28229,23717,16282,"Ψυχὴν κατάρδων, καὶ ποτίζων τὰς φρένας:",3,23717,
2150,7174,18542,14873,καὶ οἱ θαλαττεύοντες εὑρεῖν λιμένα,1,18542,
4245,48416,32232,14873,καί ἡ πραγματευταῖς ειδήν | το κἤρδως ,2,32232,
2150,9754,19149,14873,"(καὶ) οἱ θαλατεύοντες εὑρεῖν καλὸν | λοιμένα,",1,19149,
4245,10909,19462,14873,καὶ οἱ θαλατεύοντες | ευρύν λιμένα,1,19462,
2150,6835,18466,14873,κ(αὶ) οἱ θαλαττεύοντεσ ἐβρὶν λιμένα-,1,18466,
2150,7826,18669,14873,καὶ οἱ θαλλα|τεύοντες εὐρεῖν λιμένα·,1,18669,
4245,41709,28321,14873,καὶ ἡ θαλατταίβοντες ἡ δεῖν λιμένα·,1,28321,
4245,41718,28324,14873,καὶ ἡ θαλατταίβοντες ἡ δεῖν λιμένα·,1,28324,
4245,41721,28325,14873,καὶ ἡ θαλατταίβοντες ἡ δεῖν λιμένα·,1,28325,
4245,41724,28326,14873,καὶ ἡ θαλατταίβοντες ἡ δεῖν λιμένα·,1,28326,
4245,41727,28327,14873,καὶ ἡ θαλατταίβοντες ἡ δεῖν λιμένα·,1,28327,
2150,12128,19756,14873,καὶ οἱ θαλαττεύοντες εὐρεῖν λιμένα.,1,19756,
2150,11431,19567,14873,"[... θαλατ]τεύοντες ϊδὴν λημένα,",1,19567,
2150,6488,18358,14873,κ(αὶ) οἱ κινδυνεύοντ(ες) εὑρεῖν λιμένα |,1,18358,
2150,11414,19559,14873,"κ(αὶ) ἡ θαλαταζ(ον)τες εὑρ(ειν) λημιόνα,",1,19559,
2150,7687,18619,14873,καὶ ἡ |θαλατέβοντες εὐρεῖν λημένα·,1,18619,
2150,4484,17873,14873,καὶ οἱ θαλατεύοντες ἰδῦν λιμένα·,1,17873,
4245,28628,23775,14872,ὥσπερ ξένοι χαίροντ(ες) ἠδεῖν πατρίδ(α),0,23775,
4245,28629,23775,14873,(...) πλέοντες εὐρ(εῖν) (?) λιμένα |,1,23775,
4245,28631,23775,6160,κ(αὶ) οι πραγματεύοντ(ες) ἡδεῖν το | κέρδος·,3,23775,
1862,28636,23777,10959,"⁘ ἀγγελικῶν γραφίδων ἀμαρύγματα πολλὰ κιχήσ(ας),",0,23777,
4245,28630,23775,14802,κ(αὶ) οἱ στρατεύομενοι ἠδειν (...)κος,2,23775,
1862,28637,23777,15582,ἀν(θρώπ)οις ἀνέφηνας ἰδ(εῖν) νοοσύνθετον ἄστρον:-,1,23777,
2150,28786,23822,14872,+ ὅνπερ ξενοι χέροντες ἰδεῖν π(ατ)ρίδα,0,23822,
2150,28787,23822,14873,καὶ οἱ θαλατεύωντες εὐρεῖν λοιμένα,1,23822,
2150,29111,23901,14872,†ώσπερ ξένι χέρουσιν υδῆν π(ατ)ρίδα ,0,23901,
2150,29112,23901,14873,(καὶ) ἠ θαλατέβ(ων)τες υδ(ῖν) | λυμένα,1,23901,
2150,29113,23901,15681,ούτως (καὶ) ἠ γράφοντ(ες) ὐδῆν βιβλίου τέ(λως)·,2,23901,
2150,8309,18785,15681,οὖτος καὶ οἱ γράφωντες βιβλίου | τέλος +,2,18785,
1982,29143,23913,16279,(...) τέτρας ὧδε τῶν μαθητῶν τοῦ λόγοῦ·,0,23913,
1982,29144,23913,16280,ἐκχεῖ τὸ ῥεῦμα τῶν ἀειρρύτων λόγων·,1,23913,
1953,29167,23921,11239,ἔργον ἀριπρεπὲς ἐκ μεγάλου πέτρου μυ|ηθείς,0,23921,
1953,29168,23921,11240,μάρκος ἔτευξε τόδε πν(εύματο)ς ἐν σοφίη:-,1,23921,
4245,36114,25680,15681,οὕτω καὶ οἱ γράφοντες οἱδεῖν βιβλίου τέλος,2,25680,
4245,29325,23958,14872,[Ὥσπερ] ξένη χαίροντες ἡδεῖν π(ατ)ρίδας,0,23958,
5030,29345,23966,15261,ἄρξου χεὶρ μου ἀγαθὲι,0,23966,
2150,4994,17996,15681,ούτος (καὶ) η | γράφοντες βιβλίου τέλος,2,17996,
2150,5325,18086,15681,οὕτω (καὶ) οἱ γρά|φοντες βιβλίου | + τέλος +,2,18086,
2150,32572,24839,15681,οὕτως καὶ οἱ γράφοντες βιβλίου τέλος.,2,24839,
3147,29306,23951,12118,Εἰπε δ᾽ ὄθεν προ|έβης καὶ ποῦ ὀδοιπορέεις:· ,1,23951,
3147,29307,23951,12119,Καὶ τί μέγα ζώοιν τ(ὸν) αυτι|κα νεκρὸν ἐόντα·,2,23951,
3436,29477,23996,15652,αἰσχύλε τί φὴς τοὺς θεούς σου προσφέρ(εις)·,0,23996,
3436,29481,23996,15656,καὶ μὴ δυνατοὺς ἐκφυγεῖν τιμωρί(ας).,4,23996,
1982,29360,23970,16279,+ ἡ τετρὰς ὦδε τῶν μα|θητῶν τοῦ λόγου: |,0,23970,
1982,29361,23970,16280,ἐκχεῖ τὸ ῥεῦμα τῶν ἀηρρύτω(ν) | λόγων: | ,1,23970,
1982,29362,23970,16281,τοίνυν ὁ διψῶν μὴ κα|τὄκνει τοῦ πίνειν· |,2,23970,
1982,29363,23970,16282,ψυχὰς κατἄρδει καὶ πο|τίζει τὰς φρένας:,3,23970,
4152,29530,24008,2520,"ἐτελειώθη σὺν θεῷ καὶ τὸ παρὸν Πυκτίον,",0,24008,
3436,29486,23998,15652,αἰσχύλε τὶ φὴς τ(οὺς) θεούς σου προσφέρεις ,0,23998,
3436,29487,23998,15653,πάσχοντας αἰσχρῶς ἐκ θεῶν ὁμοτρόπ(ων), |,1,23998
4152,29533,24008,761,"μηνὶ Μαΐῳ δώδεκα, ἰνδικτιῶνος τρίτης,",3,24008,
4152,29535,24008,9763,"ἕτους ἑξακισχίλια, καὶ ἑξακὼς πρὸς τούτοις,",5,24008,
4245,29569,24018,14872,+ὤσπερ ξένοι χαίρον(τες) οἰδὴν π(ατ)ρίδα·,0,24018,
4245,29570,24018,14873,"καὶ οἱ θαλαττεύοντ(ες) οἰδὴν λοιμ(έν)α,",1,24018,
4245,29571,24018,15681,οὔτω καὶ οἱ γράφοντ(ες) οἰδὴν τὸ τέλος.,2,24018,
2148,29738,24074,14872,"+ ὥσπερ ξένοι χαίρου|σιν ἰδεῖν π(ατ)ρίδα,",0,24074,
2148,29739,24074,15681,οὕ|τως καὶ τοῖς γράφου|σιν· βιβλίου τέλος:,1,24074,
1982,29762,24081,16279,"·:· Ἡ τετρὰς ὧδε τῶν μαθητῶν | τοῦ λόγου,",0,24081,
1982,29763,24081,16280,ἐκχεῖ τὸ ῥεῦμα τῶν ἀει|ρρύτων λόγ(ων)·,1,24081,
1982,29765,24081,16282,ψυχὰς καταρδῶ(ν) | καὶ ποτίζων τὰς φρένας:–,3,24081,
6475,29980,24114,15480,ἐξεσίη δ’ ἀχιλῆος ἀπειθέος ἐστὶν ἰῶτα,0,24114,
6473,44917,30632,15479,"θῆτα θεῶν ἀγορὴ, τρώων κράτος· ἕκτορος ἀρχὴ:",0,30632,
5030,30059,24171,15261,<Ἄ>ρξον χείρ μου ἀγαθὴ,0,24171,
2225,30079,24181,15815,τὸν ἀναγινώσκοντα μετ εὐλαβίας·,1,24181,
2225,30078,24181,15418,Τὸν δακτύλει γράψαντα τ(ὸν) κεκτημέν(ον)·,0,24181,
6475,44918,30633,15480,ἐξεσίη δ’ ἀχιλῆος ἀπειθέος ἐστὶν ἰῶτα:,0,30633,
6473,30349,24266,15479,+ θῆτα θεῶν ἀγορὴ· τρώων κράτος· ἕκτορος εὖχος :-,0,24266,
6475,30350,24267,15480,+ ἐξεσίη δ᾽ ἀχιλῆος ἀπειθέος ἔστιν ἰῶτα :,0,24267,
5030,30487,24317,15261,+ Αρξού χείρ μου αγαθη ,0,24317,
5030,30489,24317,13951,μι δαρίε· καί ληπεθυ,2,24317,
1862,25043,22924,15582,ἀν(θρώπ)οις ἀνέφην(ας) ἰδ(εῖν) νοοσύνθετ(ον) ἄστρο(ν),1,22924,
2150,30833,24386,,εζτὐ [= ἔτσι]καὶ υ βιβλό[γρά]φοντες υδὴν βιβλήου τέλος,2,24386,
2150,30831,24386,14872,[Ὥσ]περ ξένοι χαίρονται ηδῆν πατρίδα,0,24386,
2150,30832,24386,14873,καὶ [οἱ θαλ]ατέβοντες υδουν λιμένα,1,24386,
3147,31070,24451,9600,"(..ς,) ἡ δ’ αὔριον εἰπὲ ποὔστιν· |",0,24451,
3147,31071,24451,12118,(...)ροέβης (καὶ) ποῦ ὁδοιπορέεις. |,1,24451,
3147,31072,24451,12119,(...) ζώειν τὸν αὐτίκα νεκρὸν ἐόντα· |,2,24451,
3147,31073,24451,12120,ὁ χρόνος ἀπατέει· φύλω ἔοικε φύσις. |,3,24451,
3147,31075,24451,12122,ὥστε μάτην ὁ βΐος (καὶ) ὅσα τΐς πονέει:-,5,24451,
3147,31188,24469,12120,Ὁ χρόνος ἀπατέει· φύλλων ἔοικε φύσις· |,3,24469,
3147,31190,24469,12122,ὥστε μάτην ὁ βίος·  καὶ ὅσα τίς πονέει:+,5,24469,
3147,31186,24469,12118,εἰπὲ δ' ὅθ(εν) προέβης· καὶ ποῦ ὁδοιπορέεις· |,1,24469,
3147,31185,24469,9600,Εἰπὲ ποῦ ἡ χθὲς ἔβη· ἡ δ᾽ αὔριον εἰπὲ ποῦ ἐστιν· |,0,24469,
3147,31187,24469,12119,κ(αὶ) τί μέγα ζώειν τὸν αὐτίκα νεκρὸν ἐόντα· |,2,24469,
3147,31319,24491,12118,εἰπὲ δ' ὅθεν προέβης· καὶ ποῦ ὁδοιπορέεις·,1,24491,
3147,31321,24491,12120,ὁ χρόνος ἀπατέει· φύλλω ἔοικε φύσις·,3,24491,
3147,31322,24491,12121,γαῖα βροτὸς κ(αὶ) ὕδωρ· τάδ᾽ ἐπ᾽ αὐτὸ σφιν τάδε δύν(...)|,4,24491,
3147,31323,24491,12122,ὥστε μάτην ὁ βίος· καὶ ὅσα τις πονέει:-,5,24491,
2225,31438,24518,15815,Τῶ ἀναγινώσκοντι | μετ᾽ εὐλαβεί(ας)·,1,24518,
2225,31437,24518,15418,Τῶ δακτύλ(οις) | γράψαντι· Τῶ κεκτημένω·,0,24518,
2225,31439,24518,15420,"Φύλαττε τοὺς τρὶς, ὦ τριὰς, τρισολβία:",2,24518,
5030,30488,24317,14882,γραφε γράμματα καλα·,1,24317,
5030,29368,23974,15261,ἀρξου χύρ μου | ἀγαθί ,0,23974,
5030,29369,23974,14882,γράφε γαρ|ματα καλά,1,23974,
5030,48578,32486,14882,γραφε γαρφε,1,32486,
5030,26152,23154,14882,γρα´ γραφί γράματα καλά,1,23154,
5030,26160,23158,14882,γραφ( ) γραματὰ κάλα,1,23158,
5030,32716,24879,14882,γραφε γράματα καλα,1,24879,
5030,32747,24891,14882,γράφε γράματα καλὰ·,1,24891,
5030,23779,22495,14882,γράφε γράμ|ματα καλά,1,22495,
5030,49762,33788,14882,γρᾶψὲ γρἄματὰ· καλἄ·,1,33788,
5030,49761,33788,15261,ἂρξοὐ χὒρ μου· ἀγαθἔ,0,33788,
5030,27054,23496,14882,γραφε γραμματα καλλα,1,23496,
5030,49763,33788,14860,μὴ ληπὴς | κ(αὶ) λἠπἠθής:,2,33788,
5030,20141,21743,14882,γραφε γραματα καλα,1,21743,
1862,32150,24619,10959,γγελικῶν γραφίδων ἀμαρύγμ(α)τ(α) πολλὰ κιχήσας:-,0,24619,
1862,32151,24619,15582,"ν(θρώπ)οις ἀνέφηνας, ἰδεῖν νοοσύνθετον ἄστρον:-",1,24619,
3987,32204,24646,2373,Αἰνεῖ προφήτης τὸν Θεὸν Ζαχαρίας,0,24646,
3987,32205,24646,2372,ᾠδὴν τελειῶν μητροπαρθένου κόρης.,1,24646,
4245,49774,33792,14872,ὡσπερ ξένοι χέρον(τες) ἰδεῖν π(ατ)ρίδα |,0,33792,
4245,16167,20789,14872,+ ὥσπερ ξένι χαίροντες εὑρεῖν π(ατ)ρίδα·,0,20789,
2148,15981,20758,14872,ὥσπερ ξένη χέρουσιν ἠδεὶν π(ατ)ρίδα |,0,20758,
2148,16466,20870,14872,Ὥσπερ οἱ ξένοι χαίρουσιν ἰδ(εῖν) π(ατ)ρίδα·,0,20870,
2150,7825,18669,14872,ὥσπερ ξένη χαί|ροντες ἰδεῖν π(ατ)ρίδα·,0,18669,
6473,32429,24745,15479,"Θῆτα, θεῶν ἀγορὴ τρώων κράτος, ἕκτορος εὖχος·",0,24745,
6475,32430,24746,15480,ἐξεσίη δ’ ἀχιλῆος ἀπειθέος ἐστὶν ἰῶτα,0,24746,
6475,32414,24730,15480,ἐξεσίη δ’ ἀχιλῆος ἀπειθέος ἐστὶν ἰῶτα,0,24730,
6475,32454,24770,15480,ἐξεσίη δ’ ἀχιλῆος | ἀπειθέος ἐστὶν ἰῶτα:-,0,24770,
6473,32521,24813,15479,"θῆτα θεῶν ἀγορὴ· τρώων κράτος, ἕκτορος ἀρχὴ·",0,24813,
6475,32522,24814,15480,ἐξεσίη δ’ ἀχιλλῆος ἀπειθέος ἐστὶν ἰῶτα,0,24814,
6473,32585,24852,15479,θῆτα θεῶν ἀγορὴ· τρώων κράτος· ἕκτορος εὖχος·,0,24852,
6475,32584,24851,15480,ἐξεσίη δ’ ἀχιλῆος ἀπειθέος ἐστὶν ἰῶτα,0,24851,
4245,41696,28317,14872,[Ὥσπερ] ξένη χαίροντες ἡδεῖν π(ατ)ρίδας,0,28317,
4245,41702,28319,14872,[Ὥσπερ] ξένη χαίροντες ἡδεῖν π(ατ)ρίδας,0,28319,
4245,41714,28323,14872,[Ὥσπερ] ξένη χαίροντες ἡδεῖν π(ατ)ρίδας,0,28323,
2148,48551,32438,14872,Ὥσπερ ξένοι χαίροντες ἰδεῖν λιμένα,0,32438,
2150,42237,28567,14872,"+ ὥσπερ χαίροντες, ἰδεῖν | π(ατ)ρίδα·",0,28567,
2148,4661,17927,14872,+ ὥσπερ ξένοι χαίροντες ἠδῆν π(ατ)ρίδα·,0,17927,
5030,32749,24891,9912,(καὶ) εἰς τὸν φόρον ἐντραπης·,3,24891,
5030,32718,24879,9912,κ εἶς το φῶρον ἐντραποἶς,3,24879,
5030,32717,24879,13951,μὐ δαρῆς καὶ λοιποιθἦς,2,24879,
5030,32748,24891,13951,μι δαρρεῖς καὶ | λοιποιθης·,2,24891,
4245,16168,20789,14873,καὶ ἡ θαλατεύοντες ευρεῖν λιμένω·,1,20789,
2150,42241,28568,14873,κ(αὶ) οἱ θαλα|τεβωντες ἐδιν | λιμένα ,1,28568,
2150,4993,17996,14873,καὶ ὲ θαλατέβοντ(ες) ἡδ(ὶν) λημ(έ)ν(α)·,1,17996,
2148,23609,22437,14873,"καὶ οἱ θαλαττεύοντες | ἰδεῖν λιμένα,",1,22437,
5030,32715,24879,15261,αρξου χείρ μου ἀγαθεῖ ,0,24879,
4245,49775,33792,14873,"οἱ θαλατεβοντες εὑρειν λιμ|ον,",1,33792,
4245,49777,33792,14875,(καὶ) εἰσφυλασσῆν βλη|μενοι αὐτοῦς αἱάξαι,3,33792,
5030,33219,24969,13951,μι δαρῖς | κ(αὶ) ληπιθεὶς ,2,24969,
5030,33220,24969,13949,καὶ ἤστε|ρον μετὰνοἤσι |,3,24969,
4245,33242,24975,14872,ἀπερ ξένη χέροντες ἰδην π(ατ)ρίδα ,0,24975,
4245,33243,24975,14873,καὶ ἡ θαλατεύοντες ἰδην λυμένα ,1,24975,
5030,33207,24965,15261,αρξου χηρ αναγα,0,24965,
5030,33217,24969,15261,+ ἂρξου χῆρ μου αγαθεῖ· ,0,24969,
5030,33218,24969,14882,γράφε | γραματα καλα· ,1,24969,
2148,26548,23274,15681,οὕτω καὶ οἱ γράψαντες βιβλίου τέλος.,1,23274,
2150,47934,31506,15681,οὕτως καὶ ἡ γράφουσιν τῶ βιβηλί(ων)· | τοῦτων:-,2,31506,
3147,33641,25067,12119,Καὶ τὶ μέγα ζώειν τὸν αὐτίκα νεκρ(ὸν) ἐόντα·,0,25067,
3147,33643,25067,12121,Γαῖα βροτὸς καὶ ὕδωρ· τάδ᾽ ἀπ᾽ αὐτῶν σφὶν ἐς τάδε δύνει·,2,25067,
1862,33833,25107,10959,"Ἀγγελικῶν γραφίδων ἀμαρύγματα πολλὰ κιχήσας,",0,25107,
6475,34033,25157,15480,ἐξεσίη δ΄ἀχιλῆος ἀπειθέος ἐστὶν ἰῶτα·,0,25157,
6473,34032,25156,15479,θῆτα θεῶν ἀγορὴ· Τρώων κράτος ἕκτορος εὖχος·,0,25156,
2150,42239,28567,15681,"οὕτω (καὶ) οἱ γρά|φοντες, ἰδειν βιβλίου τέλος ++",2,28567,
5030,34151,25208,14882,γραφε γρἄμὰτὰ καλα,1,25208,
5030,34150,25208,15261,ἄρξον χήρ μου ἀγάθὴ ,0,25208,
1862,34382,25272,15582,Ἀν(θρώπ)οις ἀνέφηνας ἰδεῖν νοὸς σύνθετον ἄστρον:-,1,25272,
1982,34484,25322,16279,ἡ τετρὰς ὧδε τῶν μα|θητῶν τοῦ λόγου·,0,25322,
5248,34568,25338,5354,ῆς γραμματικῆς εἰμὶ τέχνης πυξί(ον),0,25338,
5248,34569,25338,5355,"εὔληπτον εὔσύ(...)νωμέ(νον),",1,25338,
5248,34571,25338,5357,πρὸς πεῦσιν ἰ(...) εἰς ἀποκρίσ(εις),3,25338,
5248,34572,25338,5358,ὁ γ(ὰ)ρ τρόπο(ς) φέριστο(ς) εἰς τὸ συνέχ(ειν),4,25338,
3436,34678,25355,2017,"τὸν ἐκβαλόντα τὸν, θρόν(ον) εἰπεῖν Δία,",3,25355,
3436,34677,25355,15658,"χάριν βροτῶν γ(ὰ)ρ ἠπάτησας τὸν Δίαν,",2,25355,
5030,49789,33802,15261,ἄρξου χείρ μου ἀγαθὲ (?)·,0,33802,
3436,34733,25362,15653,+πάσχοντ(ας) αἰσχρ(ῶς) ἐκ θεῶν ὁμοτρόπ(ων),0,25362,
5030,49790,33802,14882,γράφε γρά|μμα,1,33802,
3436,34813,25385,15652,"αἰσχύλε τί φης τ(οὺς) θεούς σου προσφέρεις, ",0,25385,
3436,34814,25385,15653,πάσχοντας αἰσχρῶς ἐκ θεῶν ὁμοτρόπων: ,1,25385,
3436,34815,25385,15654,"καὶ πῶς ἄρα λέληθας αὐτ(ὸν) εἰς τέλος,",2,25385,
3436,34816,25385,15655,"θεοὺς σεβάζων, τ(οὺς) παθητ(οὺς) τὴν φύσιν,",3,25385,
2148,34891,25401,,Ὥσπερ ξε(...) | βλεπειν (...),0,25401,
2225,35061,25425,15420,τοὺς τρεῖς φύλαττε ἡ Τριὰς πανολβίως.,2,25425,
2225,35060,25425,15815,"τὸν ἀναγινώσκοντα μετ᾽ εὐλαβείας,",1,25425,
3147,35110,25441,12118,εἰπὲ πόθεν προύβης καὶ ποῦ ὁδοιπορέεις,1,25441,
1862,35154,25449,10959,"γγελικῶν γραφίδων ἀμαρύγμ(α)τα πολλὰ κιχήσας,",0,25449,
3147,35111,25441,12119,καὶ τί μέγα ζώειν τὸν αὐτίκα νεκρὸν ὄντα,2,25441,
3147,35109,25441,9600,Εἰπὲ ποῦ ἡ χθὲς ἔβη· ἡ δ’ αὔριον εἰπὲ ποῦ ἐστιν·,0,25441,
1862,35269,25477,10959,"+ ἀγγελικ(ῶν) γραφίδων ἀμαρύγμ(α)τα πολλὰ κιχήσας,",0,25477,
1862,35270,25477,15582,ἀν(θρώπ)οις ἐνέ|φιν(ας) ἰδεῖν νόον σύνθετον ἄστρον:-,1,25477,
2150,35290,25485,14872,"+ ὥσπερ ξαῖνοι χαίρουσ(ιν) ἰδεῖν π(ατ)ρίδα, ",0,25485,
2150,35291,25485,14873,"κ(αὶ) οἱ θαλαττεύοντες εὑρεῖν λιμένα, |",1,25485,
1953,35458,25533,11240,μάρκος ἔτευξε τόδε πν(εύματο)ς ἐν σοφίη: +,1,25533,
1953,35457,25533,11239,"+ ἔργον ἀριπρεπὲς· ἐκ μεγάλου πέτρου μυηθείς,",0,25533,
6473,35638,25559,15479,θῆτα θεῶν ἀγορὴ· τρώων κράτος· ἕκτορος εὖχος:,0,25559,
6473,35756,25593,15479,θῆτα θεῶν ἀγορή· τρώων κράτος ἕκτορος ἀρχὴ:+,0,25593,
6475,35757,25594,15480,ἐξεσίη δ’ ἀχιλλῆος ἀπειθέος ἐστὶν ἰῶτα:-,0,25594,
2150,36118,25683,14873,(...) ἰδεῖν (...),1,25683,
4245,36113,25680,14873,οὕτῳ καὶ οἱ θαλαττεύοντες εὑρεῖν λοιμέν(α)·,1,25680,
1862,36200,25705,10959,Ἀγγελικῶν γραφίδων ἀμαρίγματα πολλὰ κιχήσας,0,25705,
1862,36305,25731,10959,+ ἀγγελικῶν γραφίδων ἀμαρύγματα πολλὰ | κιχήσας·,0,25731,
1862,36335,25739,10959,ἀγγελικῶν γραφίδων· ἀμαρύγματα· | πολλὰ κιχήσας ⁘,0,25739,
1862,36306,25731,15582,ἀν(θρώπ)οις ἀνέφηνας ἰδεῖν νοοσύνθε|τον ἄστρον:-,1,25731,
1982,36375,25747,16279,Ἡ τετρὰς ὧδε τῶν μαθητῶν τοῦ | λόγου· |,0,25747,
1982,36676,25811,16279,Ἡ τετρὰς ὧδε τῶν μαθητῶν τοῦ λόγου·,0,25811,
1982,36677,25811,16280,Ἐκχεῖ τὸ ῥεῦμα τῶν ἀειρρύτων λόγων·,1,25811,
1982,36953,25867,16280,ἐκχεῖ τὸ ῥεῦμα τῶν ἀ|ειρρύτων λόγων·,1,25867,
1862,37199,25910,10959,"Ἀγγελικῶν γραφίδων ἀμαρύγματα πολλὰ κιχήσας,",0,25910,
1862,37200,25910,15582,ἀν(θρώπ)οις ἀνέφηνας ἰδεῖν νοοσύνθετον ἄστρον +,1,25910,
1953,37150,25894,11239,Ἔργον ἀριπρεπὲς ἐκ μεγάλου πέτρου μυηθείς·,0,25894,
1953,37151,25894,11240,μάρκος ἔτευ|ξε τόδε πν(εύματο)ς ἐν σοφίη:,1,25894,
2150,37384,25962,14873,καὶ οἱ θαλαττεύοντες εὑρεῖν | λιμένα·,1,25962,
1862,37277,25931,15582,"ἀν(θρώπ)οις. | ἀνέφηνας ἰδ(εῖν) νοὶ, σύνθετον ἄστρον +",1,25931,
1862,37463,25978,10959,"- ἀγγελικῶν γραφίδων ἀμαρύγματα πολλὰ κιχήσας,",0,25978,
3147,37503,25999,9600,+ εἰπὲ ποῦ ἡ χθές ἔβη· ἡ δ’ αὔριον εἰπέ ποῦ ἐστ(ιν) |,0,25999,
5030,37552,26016,14882,γραφε γραμ,1,26016,
5030,37551,26016,15261,+ αρξου χειρ μου αγαθη ,0,26016,
6473,37657,26050,15479,θῆτα θε(ῶν) ἀγορὴ τρώων κράτος· ἕκτορος εὖχος:~,0,26050,
1982,37796,26099,16279,τετρᾶς ὧδε τῶν μαθητῶν λόγου· |,0,26099,
1982,37797,26099,16280,ἐκχεῖ τὸ ῥεῦμα τῶν ἀειρύτων λόγων· |,1,26099,
6473,37897,26129,15479,θ(ῆτα) θεῶν ἀγορὴ τρώ(ων) κράτο(ς) ἕκτορο(ς) εὖ|χος +,0,26129,
6475,37898,26130,15480,ἐξεσίη δ’ ἀχιλῆος ἀπειθέος ἐστίν ἰῶτα·,0,26130,
1982,37915,26147,16279,Ἡ τετρὰς ὧδε τῶν μαθητῶν τοῦ λόγου:,0,26147,
1982,37917,26147,16281,Τοίνυν ὁ διψῶν μὴ κατόκνει τοῦ πίνειν: ,2,26147,
3147,38025,26195,9600,(...) χθὲς ἔβη ἡ δ (...),0,26195,
6475,37972,26164,15480,ἐξεσίη δ’ ἀχιλλῆος ἀπειθέος ἐστὶν ἰῶτα·,0,26164,
3147,38026,26195,12118,εἰπέ (...) ὅδεν προέβης· (καὶ) ποῦ ὁδοιπορέεις· ,1,26195,
3147,38027,26195,12119,καὶ τί μέγα ζώ(ειν) τ(ὸν) αὐτίκα νεκρ(ὸν) ἐόντα· |,2,26195,
3436,38450,26251,15655,"θεοὺς σεβάζων, τοὺς παθητοὺς τ(ὴν) φύσιν,",3,26251,
3436,38447,26251,15652,"αἰσχύλ(ε) τὶ φὴς τοὺς θεούς σου προσφέρεις,",0,26251,
3436,38448,26251,15653,"πάσχοντας αἰσχρῶς ἐκ θεῶν ὁμοτρόπων,",1,26251,
3436,38449,26251,15654,καὶ πῶς ἄρα λέληθας αὐτὸν εἰς τέλος.,2,26251,
1953,38505,26266,11239,"ἔργον ἀριπρεπὲς ἐκ μεγάλου πέτρου | μυηθείς,",0,26266,
1953,38506,26266,11240,μάρκος ἔτευξε τόδε πν(εύματο)ς ἐν | σοφίη:-,1,26266,
3436,38451,26251,15656,καὶ μὴ δυνατοὺς ἐκφυγ(εῖν) τιμωρίας:-,4,26251,
1953,38662,26318,11240,μάρκος ἔτευξε τόδε | πν(εύματο)ς ἐν σοφίη:+ |,1,26318,
1953,38661,26318,11239,"ἔργον ἀριπρεπὲς ἐκ μεγάλου πέτρου | μυηθεις, ",0,26318,
1982,38719,26328,16279,+ ἡ τετρᾶς ὦδε τῶν | μαθητ(ῶν) τοῦ λόγου·,0,26328,
1982,38720,26328,16280,ἐκχεῖ τὸ ρεῦμα τῶν ἀἠρρύτ(ων) λόγ(ων)·,1,26328,
1982,38721,26328,16281,"τοί|νυν ὁ διψῶν μὴ κατόκνη τοῦ πίν(ειν), ",2,26328,
6473,48765,32658,15479,θῆτα θεῶν ἀγορὴ τρώ(ων) κράτος ἕκτορος εὖχος.,0,32658,
6475,48766,32659,15480,+ ἐξεσίη δ’ ἀχιλῆος ἀπειθέος ἐστὶν ἰῶτα·,0,32659,
1982,38782,26343,16279,"Ἡ τετρὰς ὧδε, τῶν μα|θητῶν τοῦ λόγου: |",0,26343,
1982,38783,26343,16280,"Ἐκχεῖ τὸ ῥεῦμα, τῶν | ἀειρρύτων λόγων: |",1,26343,
1982,38784,26343,16281,"Τοίνυν ὁ διψῶν, μὴ κα|τόκνει τοῦ πίνειν: |",2,26343,
1862,32482,24797,15582,ἀν(θρώπ)οις ἀ|νέφηνας ἰδεῖν νοοσύνθετον ἄστρον ༶,1,24797,
1862,36201,25705,15582,Ἀν(θρώπ)οις ἀνέφηνας ἰδεῖν νοοσύνθετον ἄστρον:-,1,25705,
5030,39237,26424,13951,μυ δαρθεις κ(αὶ) ληπιθης γε (?),2,26424,
1862,37464,25978,15582,ἁνθρώποις ἀνέφην(ας) ἰδεῖν. νοοσύνθετον ἄστρον·,1,25978,
5030,39235,26424,15261,+ αρξου χειρ μου αγαθε,0,26424,
5030,39307,26438,14882,γραφε,1,26438,
5030,39306,26438,15261,- αρξου χεὶρ μου ἀγαθη,0,26438,
6475,48789,32695,15480,ἐξεσίη δ’ ἀχιλῆος ἀπειθέος ἐστὶν ἰῶτα·,0,32695,
1862,4720,17946,15582,ἀν(θρώπ)οις ἀνέφηνας ἰδεῖν νόον σύνθετον ἄστρον:-,1,17946,
1982,39456,26470,16279,Ἡ τετρὰς ὧδε τῶν μαθητῶν τοῦ λόγου:,0,26470,
3436,39571,26545,,(...),4,26545,
1862,35245,25469,15582,"ἀνθρώποις, ἀνέφηνας | ἰδεῖν νοοσύνθετον ἄστρον:-",1,25469,
3436,39567,26545,15652,"αἰ(...)τί φης, τοὺς (...) ",0,26545,
3436,39568,26545,15653,"(...)| ἐκ θεῶν ὁμοτρόπων, ",1,26545,
3436,39569,26545,15654,"(καὶ) πῶς ἄρα λέληθας σαυτὸν εἰς τέλος,",2,26545,
1982,39800,26591,16279,"+ ἡ τετρὰς ὧδε τῶν μαθητῶν τοῦ λόγου,",0,26591,
1953,40030,26658,11239,"∙:∙ ἔργον ἀριπρεπὲς ἐκ μεγάλου | πέτρου μυηθείς,",0,26658,
1953,40031,26658,11240,μάρκος ἔτευξε· | τόδε πν(εύματο)ς ἐν σοφίῃ:∙,1,26658,
1982,40197,26759,16280,Ἐκχεῖ τὸ ῥεῦμα τῶν ἀειρρύτων λόγων:,1,26759,
1982,40201,26760,16280,ἐκχεῖ τὸ ῥεῦμα τῶν ἀειρρύτων λόγω(ν): |,1,26760,
1862,4719,17946,10959,"⁘ ἀγγελικῶν γραφίδων ἀμαρύγματα πολλὰ κι|χήσας,",0,17946,
1953,40671,26980,11239,"ἔργον ἀριπρεπὲς ἐκ | μεγάλου πέτρου μυηθεὶς, |",0,26980,
1953,40661,26977,11239,ἔργον ἀριπρεπὲς ἐκ μεγάλου πέτρου μυηθεὶς·,0,26977,
1953,40672,26980,11240,μάρκος ἔτευξε τόδε | πν(εύματο)ς ἐν σοφίηι:-,1,26980,
1953,40662,26977,11240,μάρκος ἐτεύξε τόδε πνεύματος ἐν σοφίη:-,1,26977,
1982,40841,27055,,(...)κχεῖ (...) (...)μα· τῶν ἀειρρύτ(ων) λόγων: |,1,27055,
2326,40935,27083,15330,χριστῶι θεοτρεφέος πίμπλαμαι ἀμβροσίης:-,3,27083,
2326,40932,27083,15327,οἶδ' ὅτι θνητὸς ἔφυν καὶ ἐφ' ἅμερος ἀλλ’ ὅτ' ἄν ἄστρων,0,27083,
1862,26851,23446,15582,ἀν(θρώπ)οις ἁνέφηνας ἰδεῖν νοοσύνθετον ἄστρον:,1,23446,
2148,41682,28311,14872,+ ὥσπερ ξένοι χαίροντ(...) ἰδεῖν πατρίδα ,0,28311,
4245,41690,28315,14872,[Ὥσπερ] ξένη χαίροντες ἡδεῖν π(ατ)ρίδας,0,28315,
4245,41693,28316,14872,[Ὥσπερ] ξένη χαίροντες ἡδεῖν π(ατ)ρίδας,0,28316,
4245,41699,28318,14872,[Ὥσπερ] ξένη χαίροντες ἡδεῖν π(ατ)ρίδας,0,28318,
4245,41705,28320,14872,[Ὥσπερ] ξένη χαίροντες ἡδεῖν π(ατ)ρίδας,0,28320,
4245,41708,28321,14872,[Ὥσπερ] ξένη χαίροντες ἡδεῖν π(ατ)ρίδας,0,28321,
4245,41711,28322,14872,[Ὥσπερ] ξένη χαίροντες ἡδεῖν π(ατ)ρίδας,0,28322,
1953,41677,27269,11239,"+ ἔργον ἀριπρεπὲς ἐκ μεγάλου πέτρου μυηθείς,",0,27269,
1953,41678,27269,11240,μάρκος ἔτευξε τόδε πν(εύματο)ς ἐν σοφίῃ:-,1,27269,
4245,41723,28326,14872,[Ὥσπερ] ξένη χαίροντες ἡδεῖν π(ατ)ρίδας,0,28326,
4245,41726,28327,14872,[Ὥσπερ] ξένη χαίροντες ἡδεῖν π(ατ)ρίδας,0,28327,
4245,41717,28324,14872,[Ὥσπερ] ξένη χαίροντες ἡδεῖν π(ατ)ρίδας,0,28324,
5030,41729,28328,15261,+ αρξου χήρ μου αγὰθή ,0,28328,
5030,41919,28426,14882,γραφε γράματα καλα,1,28426,
5030,41920,28426,13951,μὐ δαρῆς καὶ λοιποιθἦς,2,28426,
5030,41921,28426,9912,κ εἶς το φῶρον ἐντραποἶς,3,28426,
2150,44997,19694,14873,κ(αὶ) ἡ θαλατεύωντες εὑρὶν λιμένα·,1,19694,
4245,41691,28315,14873,καὶ ἡ θαλατταίβοντες ἡ δεῖν λιμένα·,1,28315,
4245,41694,28316,14873,καὶ ἡ θαλατταίβοντες ἡ δεῖν λιμένα·,1,28316,
4245,41697,28317,14873,καὶ ἡ θαλατταίβοντες ἡ δεῖν λιμένα·,1,28317,
4245,41700,28318,14873,καὶ ἡ θαλατταίβοντες ἡ δεῖν λιμένα·,1,28318,
4245,41703,28319,14873,καὶ ἡ θαλατταίβοντες ἡ δεῖν λιμένα·,1,28319,
4245,41706,28320,14873,καὶ ἡ θαλατταίβοντες ἡ δεῖν λιμένα·,1,28320,
6473,49885,33850,15479,"θῆτα· θεῶν ἀγορὴν, τρώων κράτος· ἕκτορος | εὖχος +",0,33850,
5030,41730,28328,14882,γρ(ά)φε γρά|μάτὰ κάλα,1,28328,
5030,20176,21751,15261,αρξου χηρ μου | αγαθε ,0,21751,
1862,35155,25449,15582,ἀνθρώποις ἀνέφηνας ἰδ(εῖν) νοοσύνθετον ἄστρον:- +,1,25449,
4245,14735,20482,15681,οὕτω καὶ οἱ γράφοντες ἰδεῖν βιβλίου τέλος.,3,20482,
2150,24994,22893,15681,οὖτ(ὸς) καὶ οἱ γράφοντ(ες) ἱδεῖν βιβλίου τ(έ)λος.,3,22893,
2225,14974,20535,15418,Τὸν δακτύλοις γράψαντα τὸν κεκτημ(έν)ον,0,20535,
4155,19157,21492,179,τὸ δὲ | γράμμα μένει εἰς χρόν(ους) πληρεστάτ(ους).,1,21492,
4155,19237,21503,10869,"ἡ μὲν χεὶρ ἡ γράψασα σήπετ(αι) τάφω,",0,21503,
2225,16577,20903,15418,+ τὸν δακτύλοις γράψαντα· τὸν κεκτημ(έν)(ον)·,0,20903,
2148,797,17053,14872,"ὥσπερ ξένοι χαίροντες ιδεῖν πατριδα,",0,17053,
4245,28087,23709,15681,οὕτως καὶ οἱ γράφοντες ἰδεῖν βιβλίου τέλος.,3,23709,
3147,45017,21027,9600,+ εἰπὲ ποῦ ἡ χθὲς ἔβη ἡ δ’ αὔριον εἰπὲ ποῦ ἔστιν·,0,21027,
3147,39585,26548,9600,Εἰπὲ ποῦ ἡ χθὲς ἔβη‧ ἡ δ’ αὔριον εἰπὲ ποῦ ἐστιν:,0,26548,
3147,39586,26548,12118,εἰπέ δ’ ὅθεν προέβης καὶ ποῦ ὁδοιπορέεις:,1,26548,
3147,37694,26068,9600,Εἰπὲ ποῦ ἡ χθὲς ἔβη· ἡ δ’ αὔριον εἰπὲ ποῦ ἐστίν·,0,26068,
3147,37504,25999,12118,εἰπέ δ' ὅθεν προέβης· (καὶ) ποῦ ὁδοιπορέεις· | ,1,25999,
3147,45018,21027,12118,εἰπὲ δ' ὅθ(εν) προύβ(ης) (καὶ) ποῦ ὁδοι(...)ει(...) |,1,21027,
3147,37695,26068,12118,εἰπὲ δ' ὅθεν προέβης κ(αὶ) ποῦ ὁδοιπορέεις·,1,26068,
3147,8936,18961,12118,"εἰπὲ δ' ὅθεν προσέβης, καὶ ποῦ ὁδοιπορέεις.",1,18961,
3147,34720,25358,12118,εἰπὲ δ᾽ο(...) προέβης κ(αὶ) ποῦ ὁδοιπορέεις |,1,25358,
3147,39587,26548,12119,καὶ τί μέγα ζώειν τὸν αὐτίκα νεκρὸν ἐόντα:,2,26548,
3147,37505,25999,12119,καὶ τί μέγα ζώειν τὸν αὐτίκα νεκρὸν ἐόντα· |,2,25999,
3147,45019,21027,12119,καὶ τί μέγα ζώειν τὸν αὐτίκα νεκρ(ὸν) ἐόντα·,2,21027,
3147,37696,26068,12119,καὶ τί μέγα ζώειν γε τ(ὸν) αὐτίκα νεκρ(ὸν) ἐόντα·,2,26068,
3147,8937,18961,12119,καὶ τί μέγα ζώειν τὸν αὐτίκα νεκρὸν ἐόντα,2,18961,
3147,34721,25358,12119,κ(αὶ) τί μέγα ζώ(ειν) τ(ὸν) αὐτίκα νεκρ(ὸν) ἐόντα·,2,25358,
1982,6797,18448,16279,ἡ τετρὰς ὦδε τῶν μαθητ(ῶν) τοῦ λόγ(ου)·,0,18448,
1862,34381,25272,10959,Ἀγγελικῶν γραφίδων ἀμαρύγματα πολλὰ κιχήσας:-,0,25272,
3147,33642,25067,12120,ὁ χρόνος ἀπατέει· φύλλω ἔοικε φύσις,1,25067,
3147,37506,25999,12120,ὁ χρόνος ἀπατέει· φύλλω ἔοικε φύσις |,3,25999,
1862,32481,24797,10959,ἀγγελικῶν γραφίδ(ων) | ἀμαρύγματα πολλὰ κιχήσας.,0,24797,
1862,17089,21068,10959,Ἀγγελικ(ῶν) γραφίδων ἀμαρύγμ(α)τα πολλὰ κιχήσ(ας):,0,21068,
1862,18966,21456,10959,Ἀγγελικῶν γραφίδων· ἀμαρύγματα πολλα | κιχήσας:,0,21456,
3147,39588,26548,12120,Ὁ χρόνος ἀπατέει· φύλλῳ ἔοικε φύσις:,3,26548,
1862,25548,23059,10959,+ αγγελικῶν γραφίδων ἀμαρύγ|ματα πολλα κιχήσας,0,23059,
3147,38028,26195,12120,(...) ἔοικε φύσις ,3,26195,
3147,45020,21027,12120,ὁ χρόνο(ς) ἀπατέει· φύλλω ἔοικε φύσ(ις)· |,3,21027,
3147,37697,26068,12120,ὁ χρόνος ἀπατέει· φύλλω ἔοικε φύσις·,3,26068,
3147,9679,19129,12120,ὁ χρόνος ἀπατέει· φύλλω ἔοικε φύσ(ις)·,3,19129,
3147,35112,25441,12120,ὁ χρόνος ἀπατέει· φύλλω ἔοικε φύσις,3,25441,
3147,34722,25358,12120,ὁ χρόνο(ς) ἀπατέει· φύλλω (?) ἔοικε φύσις |,3,25358,
1982,29764,24081,16281,τοίνυν ὁ διψῶν μὴ κα|τόκνει τοῦ πίνειν·,2,24081,
3147,39589,26548,12121,γαῖα βροτὸς κ(αὶ) ὕδωρ· τὰ δ’ ἀπ’ αὐτόφ(ιν) ἐς τάδε δύνει:,4,26548,
3147,37507,25999,12121,γαῖα· βροτὸς· (καὶ) ὕδωρ· τὰ δ’ ἐπ' αὐτόσφιν τάδε | δύνει·,4,25999,
3147,38029,26195,12121,γαῖα βροτὸ(ς) κ(αὶ) ὕδωρ τὰ δ’ ἐπ' αὐτόφ(ιν) ἐς τάδε δύνει·,4,26195,
3147,45021,21027,12121,γαῖα βροτὸ(ς) (καὶ) ὕδωρ· τὰ δ' ἀπαυτόφιν εἰς τάδε δύνει·,4,21027,
3147,16200,20794,12121,γαῖα βροτὸς καὶ ὕδωρ· τὰ ἀπ’ αὐτόφιν εἰς τάδε δύνει·,4,20794,
3147,37698,26068,12121,γαῖα βροτὸς καὶ ὕδωρ· τὰ ἀπ’ αὐτόφ(ιν) εἰς τάδε δύνει·,4,26068,
3147,8939,18961,12121,"γαῖα βροτὸς καὶ ὕδωρ, τάδ' ἀπ' αὐτόφι εἰς τόδε δύνει,",4,18961,
3147,37508,25999,12122,ὥστε μάτην ὁ βίος (καὶ) ὅσα τις πονέει:+,5,25999,
3147,38030,26195,12122,(ὥσ)τε μάτην ὁ βίο(ς) (καὶ) ὅσα τις πονέει,5,26195,
3147,16201,20794,12122,ὥστε μάτην ὁ βίος (καὶ) ὅσα τις πονέει:+,5,20794,
3147,16361,20835,12122,ὥστε μάτην ὁ βίος καὶ ὅσα τις πονέει:~,5,20835,
3147,9681,19129,12122,ὥστε μάτην ὁ βίος καὶ ὅσα τις πονέει:-,5,19129,
3147,35114,25441,12122,ὥστε μάτην ὁ βίος καὶ ὅσα τις πονέει:+,5,25441,
4152,23753,22487,2520,Ἐτελειὦθει συν θ(ε)ῶ καὶ τὸ παρὸν πτυκτί(ον) ,0,22487,
4152,29534,24008,9762,"κύκλος σελήνης δέκατος, ἡλίου εἰκὰς τρίτη,",4,24008,
1953,24750,22815,11239,"† ἔργον ἀριπρεπὲς ἐκ μεγάλου πέτρου μυ|ηθεὶς,",0,22815,
1953,18491,21339,11239,"ἔργον ἀριπρεπὲς ἐκ μεγάλου πέτροιο μυηθείς,",0,21339,
1953,42603,29656,11239,"ἔργον ἀριπρεπὲς ἐκ μεγάλου πέτρου μυηθεὶς,",0,29656,
1953,23468,22416,11239,"+ ἔργον ἀριπρεπὲς ἐκ μεγάλου πέτρου μυηθεὶς,",0,22416,
1953,23450,22408,11239,"ἔργον | ἀριπρεπὲς ἐκ μεγάλου πέτρου μυηθείς, |",0,22408,
2148,5788,18191,14872,Ὥσπερ ξένοι χαίρουσιν ἰδεῖν π(ατ)ρίδα,0,18191,
2148,13190,20059,14872,[ὥσ]περ ξένοι χαίρουσιν ἰδεῖν πατρίδα,0,20059,
2148,247,16942,14872,·:· ὥσπερ ξένοι | χαίρουσιν ἰδεῖν π(ατ)ρίδα.,0,16942,
2148,71,16914,14872,+ ὥσπερ ξένοι χαίρουσιν ἰδεῖν | π(ατ)ρίδα·,0,16914,
1953,2694,17428,11239,"+ ἔργον ἀριπρεπὲς ἐκ μεγάλου πέτρου μυηθεὶς,",0,17428,
1953,45024,23840,11239,"※ ἔργον ἀριπρεπὲς ἐκ μεγάλου πέτρου μυηθεὶς,",0,23840,
1953,28872,23851,11239,"+ Ἔργον ἀριπρεπὲς ἐκ μεγάλου πέτρου | μυηθεὶς,",0,23851,
1953,2696,17429,11239,ἔργον ἀριπρεπὲς ἐκ μεγάλου πέτροι|ω μυηθεῖς.,0,17429,
1953,45025,23840,11240,μάρκος ἔτευξε τόδε πν(ευματο)ς ἐν σοφίη ༶,1,23840,
1982,13263,20101,16282,ψυχὰς κατάρδει καὶ ποτίζει τὰς φρένας.,3,20101,
1982,38785,26343,16282,"Ψυχὰς κατάρδει, καὶ πο|τίζει τὰς φρένας:",3,26343,
2150,16520,20878,14873,"(καὶ) οἱ θαλαττεύοντες ἰδεῖν λιμ(έν)α,",1,20878,
4155,19115,21474,10869,"χεὶρ μὲν ἡ γράψασα σήπεται τάφω,",0,21474,
3147,16196,20794,9600,"Εἰπὲ, ποῦ ἡ χθὲς ἔβη· ἡ δ’ αὔριον εἰπὲ ποῦ ἐστιν·",0,20794,
3147,31318,24491,9600,εἰπὲ ποῦ ἡ χθὲς ἔβη· ἡ δ᾽ αὔρϊον εἰπὲ ποῦ ἐστιν· |,0,24491,
3147,34719,25358,9600,εἰπὲ ποῦ ἡ χθὲς ἔβη ἡ δ’ αὔριον | εἰπὲ ποῦ ἐστιν·,0,25358,
3147,16357,20835,12118,εἰπὲ δ' ὅθεν προέβης (καὶ) ποῦ ὁδοιπορέεις·,1,20835,
3436,10465,19350,15654,(καὶ) π(ῶς) ἄρα λέληθας σαὐτὸν εἰς τέλο(ς) |,2,19350,
5030,26773,23400,14882,γρα(...),1,23400,
2150,5254,18062,14873,"καὶ οἱ θαλαττεύοντες ἰδεῖν λιμένα, |",1,18062,
5030,30060,24171,14882,γράφε γράμματα καλ(ά).,1,24171,
2326,22420,22230,15327,"οἶδ' ὅτι, θνητὸς ἔφυν καὶ ἐφήμερος, ἀλλ' ὅταν ἄστρων ",0,22230,
3436,29478,23996,15653,"πάσχοντας αἰσχρῶς ἐκ θεῶν ὁμοτρόπων, ",1,23996,
3436,29479,23996,15654,καὶ πῶς ἄρα λέληθας σαὐτὸν εἰς τέλος ,2,23996,
2150,32571,24839,14873,"καὶ οἱ θαλαττεύοντες εὑρεῖν λιμένα,",1,24839,
2148,5789,18191,15681,οὕτω καὶ οἱ γράφοντες βιβλίου τέλος.,1,18191,
2148,9812,19176,15681,οὕτω καὶ οἱ γράφοντες βιβλίου τέλος.,1,19176,
4152,14871,20509,2521,διὰ χειρὸς ἁμαρτωλοῦ ναζιραίου καὶ ξένου,4,20509,
2311,49003,32893,13727,+ εὐριπίδου δράμ(α)τ(ος) ἠλέκτρας τέλος:-,0,32893,
2150,35292,25485,15681,οὕτω καὶ οἱ γράφοντες βιβλίου τέλος +,2,25485,
2311,4007,17752,13727,+ εὐριππίδου δράματος ἠλέκτρας τέλος:·,0,17752,
3147,16358,20835,12119,(καὶ) τὶ μέγα ζώειν γε τὸν αὐτίκα νεκρ(ὸν) ἐόντα·,2,20835,
5248,34570,25338,5356,"σαφὲς· καθαρὸν· εὐκρινῶς γεγραμμ(ένον),",2,25338,
3147,29305,23951,9600,Εἰπὲ ποῦ ἡ χθὲς ἔβη· | ἡ δ᾽ αὔριον εἰπὲ ποῦ δ᾽ ἐστὶν ·:· ,0,23951,
5030,20789,21896,14860,μὴ δαρῆς καὶ λυπῆς,2,21896,
6473,32413,24729,15479,θῆτα θεῶν ἀγορὴ τρώων κράτος ἕκτορος εὖχος:-,0,24729,
3147,31189,24469,12121,Γαῖα· βροτὸς· κ(αὶ) ὕδωρ· τάδ᾽ ἐπ᾽ αὐτὸ σφιν τάδε | δύνει·,4,24469,
1982,2760,17450,16279,ἡ τε|τρὰς ὧδε τ(ῶν) | μαθητῶν τοῦ | λόγου:- |,0,17450,
1982,36712,25822,16279,Ἡ τ(...)τ(...)ς ὧδε τῶν μαθητῶν | τοῦ λόγου·,0,25822,
2148,12068,19735,14872,ὥσπερι ενηχίρουσιν ἠδὶν πατρίδα,0,19735,
1953,1360,17144,11240,μάρκος ἔτευ|ξε τόδε πν(έυματο)ς ἐν σοφίῃ:- |,1,17144,
4152,13966,20289,761,μηνὶ μαΐῳ δώδεκα ἰνδικτιῶνος τρίτης,1,20289,
4152,13969,20289,763,πρὸς δὲ καὶ τρία ἕτερα ἐπὶ τούτοις τυγχάνει.,4,20289,
4152,3173,17581,763,πρὸς δὲ καὶ τρία ἕτερα ἐπὶ τούτοις τυγχάνει.,6,17581,
4152,29536,24008,763,πρὸς δὲ καὶ τρία ἕτερα ἐπὶ τούτοις τυγχάνει.,6,24008,
4152,13970,20289,2521,διὰ χειρὸς ἁμαρτωλοῦ ναζιραίου καὶ ξένου,5,20289,
4152,29532,24008,2521,"διὰ χειρὸς ἁμαρτωλοῦ, μοναχοῦ τε καὶ ξένου,",2,24008,
4152,3169,17581,2521,διὰ χειρὸς ἁμαρτωλοῦ μοναχοῦ τὲ καὶ ξένου,2,17581,
4152,3171,17581,9762,"κύκλος σελήνης δέκατος, ἡλίου εἰκὰς τρίτη ",4,17581,
4152,13967,20289,9762,κύκλου σελήνης δεκάτου τετάρτου εἰκὰς τρίτη,2,20289,
4152,3172,17581,9763,"ἔτους ἑξάκις χίλια καὶ ἑξακὸς πρὸς τούτοις,",5,17581,
4152,13968,20289,9763,ἔτους ἕξακισχίλια καὶ ἑξακόσια πρὸς τούτοις,3,20289,
4152,3174,17581,9785,"ἂν δὲ τὸ ὄνομα τοὐμὸν μαθεῖν ἐθέλῃς, φίλε,",7,17581,
4152,13972,20289,9785,"ἄν δὲ καὶ τοὔνομα τουμὸν μαθεῖν ἐθέλεις φίλε,",7,20289,
4152,14873,20509,9785,"ἄν δὲ καὶ τοὔνομα τοὐμὸν μαθεῖν ἐθέλεις φίλε,",6,20509,
4152,29537,24008,9785,ἂν δὲ τὸ ὄνομα τοὐμὸν μαθεῖν ἐθέλῃς φίλε.,7,24008,
4152,14874,20509,9786,ἰδοὺ καὶ τοῦτο γράφω σοι καὶ ψηφίσας εὑρήσεις·,7,20509,
4152,23761,22487,9786,Ιδοὺ (καὶ) τοῦτο γράφο σοι (καὶ) ψιφήσας εὐρίσ(ης)·,8,22487,
4152,3177,17581,9787,ὀκτὼ γράμματα ἔχω καὶ εἰσὶν ἄμφωνα πέντε·,9,17581,
4152,13974,20289,9787,ὀκτὼ γράμματα ἔχω . καὶ εἰσὶν ἐκ τοὑτων σύμφωνα τὰ πέντε·,9,20289,
4152,14875,20509,9787,"ὀκτὼ γράμματα ἔχω καὶ εἰσὶν ἐκ τούτων σύμφωνα πέντε,",8,20509,
4152,23762,22487,9787,Ὀκτῶ γράμμ(α)τ(α) ἔχω (καὶ) εἰσὶν ἄμφωνα πέντ(ε),9,22487,
4152,23760,22487,9785,Αν δε το ὄνομα τ’οὐμ(ὸν) μαθ(εῖν) ἐθέλης φίλε,7,22487,
4152,3175,17581,9786,ἰδοὺ καὶ τοῦτο γράφω σοι καὶ ψηφίσας εὑρήσεις·,8,17581,
4152,13973,20289,9786,ἰδοὺ καὶ τοῦτο γράφω σοι καὶ ψηφίσας εὑρήσεις :,8,20289,
4152,14876,20509,9788,τρισύλλαβός εἰμι νόει με· ἡ ὑστάτη καὶ μέση,9,20509,
4152,23763,22487,9788,Τρεὶσύλλαβος εἰμὶ νόει με· αἰ δύο πρῶται,10,22487,
4152,3181,17581,9791,καὶ δεκάδες δὶς τετράκις· ἤγουν ὁ πᾶς,13,17581,
4152,14879,20509,9791,καὶ δεκάδες δὶς τετράκις ἤγουν ὁ σύμπας· ἀριθμὸς καὶ,12,20509,
4152,23766,22487,9791,Καὶ δεκάδες δὶς τετράκις· ἥγουν ὁ πὰς,13,22487,
1862,36158,25691,15582,ἀν(θρώπ)οις ἀνέφηνας ἰδεῖν νόον σύνθετον ἄστρον:-,1,25691,
1862,36157,25691,10959,"ἀγγελικῶν γραφίδων ἀμαρύγματα πολλὰ κιχήσ(ας),",0,25691,
1862,37276,25931,10959,"ἀγγελικῶν γρα|φίδων, ἀμαρύγματα, πολλὰ κιχήσας.",0,25931,
1862,35244,25469,10959,Ἀγγελικῶν γραφίδων ἀμαρύγματα πολλὰ | κιχήσας,0,25469,
1862,2509,17381,10959,Ἀγγελικῶν γραφίδων ἀμαρύγματα | πολλὰ κιχήσας.,0,17381,
2148,45371,30714,14872,ὥσπερ ξένοι χαίρουσι(ν) ιδὴν πατρίδα,0,30714,
5030,42482,29424,,(...),2,29424,
2150,6489,18358,15681,οὕτ(ως) κ(αὶ) οἱ γράφοντ(ες) ἰδεῖν βιβλίου τέλος. ++++++,2,18358,
4245,28632,23775,15681,οὐτως καὶ γράφοντες ἠδεῖν βιβλίου τέλ(ος)·,4,23775,
2148,17844,21179,15681,οὕτ(ως) καὶ οἱ γράφ(ον)|τες βιβλίου τέλος +,1,21179,
5248,12107,19746,5356,σαφὲς καθαρ(ὸν) ευκρινὲς γεγραμμέν(ον),2,19746,
5248,42465,29383,5356,σαφὲς καθαρ(ὸν) ευκριν(ὲς) | γεγραμμέν(ον)·,2,29383,
5248,42463,29383,5354,τῆς γραμματικ(ῆς) εἰμὶ τέχνης πυξίον· ,0,29383,
5248,19242,21505,5355,εὔληπτον εὐσύνοπτον ἐστενωμέν(ον)·,1,21505,
5248,42464,29383,5355,εὔληπτον εὐσύνοπτων ἐστενόμινον·,1,29383,
5248,19243,21505,5356,"σαφὲς καθαρὸν, εὐκρινῶς γεγραμμένον·",2,21505,
5248,42466,29383,5357,προς πεύσιν ἰθύνουσα εἰς ἀποκρίσεις· ,3,29383,
5248,21548,22057,5357,πρὸς πεύσιν ἰθύνων τε καὶ ἀποκρίσεις·,3,22057,
5248,19244,21505,5357,πρὸ(ς) πεῦσιν ἰθύνον τὲ τὰς ἀποκρίσεις.,3,21505,
5248,42467,29383,5358,ὁ γὰρ τρόπος φέριστος εἰς τὸ συνέχειν·,4,29383,
5248,19245,21505,5358,"ὁ γὰρ τρόπος φέριστος εἰς τὸ συνέχειν,",4,21505,
5248,21549,22057,5358,"ὁ γὰρ τρόπος | φέριστος, εἰς τὸ συμφέρειν·",4,22057,
5030,42481,29424,14882,γράφι | γράμματα καλά,1,29424,
5030,39236,26424,14882,γραψε γραματα καλα,1,26424,
5248,42521,29518,5354,"Τῆς γραμματικῆς εἰμι τέχνης πυξίον,",0,29518,
5248,42522,29518,5355,εὔληπτον εὐσύνοπτον ἐστενωμένον,1,29518,
5248,42523,29518,5356,"σαφὲς καθαρὸν εὐκρινὲς γεγραμμένον,",2,29518,
5248,42524,29518,5357,"πρὸς πεῦσιν ἰθύνουσαν εἰς ἀποκρίσεις,",3,29518,
5248,42525,29518,5358,ὁ γὰρ τρόπος φέριστος εἰς τὸ συνέχειν,4,29518,
5248,42526,29518,5359,ἅπαν λόγου μάχημα τοὶς (sic) λογεμπόροις.,5,29518,
5248,42468,29383,5359,ἅπαν λόγου μάχημα τοὺς λογεμπόρους :-,5,29383,
5248,34573,25338,5359,ἅπ(αν) λόγου μαθ(...) τ(οὺς) λογεμπόρους:-,5,25338,
5248,21550,22057,5359,"ἄγαν λόγον μάθημα, τ(ῶν) | λογ’ ἐμπόρων·",5,22057,
4152,3178,17581,9788,"τρισύλλαβός εἰμι, νόει με· αἱ δύο πρῶται",10,17581,
4152,3179,17581,9789,"ἀνὰ δύο γράμματα ἔχει ἑκάστη, ἡ λοιπὴ δὲ τα λοιπὰ·",11,17581,
4152,14877,20509,9789,"ἀνὰ τρία γράμματα ἔχει ἑκάστη, ἡ λοιπὴ δὲ τὰ λοιπὰ",10,20509,
4152,23764,22487,9789,ἀνα δύο γράμματ(α) ἔχει εκάστη· ἡ λοιπη (δὲ) τα λοιπ(ὰ)·,11,22487,
4152,3180,17581,9790,τοῦ παντὸς δὲ ὁ ἀριθμὸς ἑκατοντάδες τρὶς τὸ τρὶς,12,17581,
2225,22229,22197,15418,τὸν δακτύλοις γράψαντα τὸν κεκτημένον ˙,0,22197,
4152,13979,20289,9792,ἀριθμὸς καὶ ψῆφος τούτων ϡΠ,14,20289,
2225,21408,22024,15420,"φύλαττε|τοὺσ τρεῖσ, ὦ τριὰσ τρισολβία.+",2,22024,
1953,42553,29636,11240,μάρκος ἔτευξε τόδε πν(εύματο)ς ἐν σοφίη:·,1,29636,
1953,42552,29636,11239,"⁘ Ἔργον ἀριπρεπὲς ἐκ μεγάλου πέτρου μυη|θεὶς,",0,29636,
2150,8116,18746,14872,+ οσπἐρ ξένη χεροῦσι ηδὴν πατριδα,0,18746,
2150,12003,19723,14872,+ ὥσπερ ξένοι χαίρουσ(ιν) ἰδ(εῖν) π(ατ)ρίδα,0,19723,
2148,5237,18056,14872,"+ ὥσπερ ξένοι χαίρου|σιν ἰδειν πατρίδα, |",0,18056,
3436,42819,29749,15652,+ αἰσχύλος τί φής· τοὺς θεούς σου προσφέρ(εις),0,29749,
3436,33515,25029,15652,+ αἰσχύλε τί φης τοὺς θεούς σου προσφέρεις, ,0,25029
3436,34675,25355,15652,"+αἰσχύλε τί φὴς τοὺς θεούς σου προσφέρεις, ",0,25355,
3436,42820,29749,15653,"πάσχοντας αἰσχρῶς ἐκ θεῶν ὁμοτρόπ(ων),",1,29749,
2150,42430,28796,14872,+ ὥσπερ ξένοι χαίρουσιν ἰδεῖν π(ατ)ρίδα,0,28796,
2150,7675,18616,14872,Ως πὲρ ξένοι χαίρουσιν εἰδὴν π(ατ)ρί|δαν·,0,18616,
4245,10908,19462,14872,"ὥσπερ ξένοι χέροντες οἱδύν π(ατ)ρίδα,",0,19462,
2148,42786,29724,14872,"ὥσπερ ξένοι χαί|ρουσιν πατρίδα | βλέπειν,",0,29724,
2148,15100,20553,14872,+ Ὥσπερ ξένι χέροντες ἱδὶν π(ατ)ρίδα,0,20553,
2150,32570,24839,14872,"Ὥσπερ ξένοι χαίρουσι(ν) ἰδεῖν π(ατ)ρίδα, ",0,24839,
2148,4457,17866,14872,"ὡσπερ ξενοι χαίρουσιν ἰδεῖν πατρίδα,",0,17866,
2148,3136,17569,14872,ὥσπερ ξένοι χαίρ(...) | οἰδεῖν πατρίδα,0,17569,
2148,5118,18026,14872,·:· ὥσπερ ξένοι χαίρουσιν ἰδεῖν | πατρίδα· |,0,18026,
4245,25410,23012,14872,Ὥσπερ ξένοι χέροντ(ες) ἰδεῖν π(ατ)ρῖδα·,0,23012,
2148,23608,22437,14872,ὥσπ(ερ) ξένοι χαίρουσϊν ἰδεῖν π(ατρ)ίδα,0,22437,
4245,36112,25680,14872,ὥσπερ ξένοι χαίροντες οἱδεῖν πατρίδα·,0,25680,
2150,3932,17728,14872,"+ ὥσπερ χαίροντες, ἰδεῖν π(ατ)ρίδα· |",0,17728,
2148,3145,17574,14872,ὥσπερ ξένοι χαίρουσιν | πατρίδα βλέπειν,0,17574,
2150,4913,17978,14872,+ὥσπερ ξένοι χαίρουσιν ἰδεῖν π(ατ)ρίδα,0,17978,
2150,6670,18396,15681,"οὖτος καὶ ἠ γράφοντες βιβλίου τέλος,",2,18396,
2148,9994,19236,15681,οὕτω καὶ | τοῖς γράφουσ(ιν) τέλος βι|βλίου +++++,1,19236,
2148,19997,21694,15681,ὅυτως | καὶ τοῖς γρά|φουσιν βι|βλίου τέ|λος +,1,21694,
4245,25413,23012,15681,οὕτω και καὶ ἡ γράφοντες· | ἡδεῖν βιβλίου τέλος·,3,23012,
2148,3143,17572,15681,οὗτος (καὶ) οἱ γράφοντες· ἡδιν βηβλήου τέλος,1,17572,
2150,5255,18062,15681,οὕτω καὶ οἱ γράφοντες βιβλίου τέλος:|,2,18062,
4155,19116,21474,9422,γραφὴ δὲ μένει εἰς χρόνος πληρεστάτους.,1,21474,
4155,19139,21485,9422,"γραφὴ δὲ μένη, εἰς πληρεστάτους χρόνους.",1,21485,
4155,19138,21485,10869,ἡ χεῖρ μὲν ἡ γράψασα σίποιτε τάφω.,0,21485,
4155,19156,21492,10869,"Εἰ μὲν χεῖρ ἡ γρά(φ)ουσα σύμπτετ(αι) τάφω,",0,21492,
4155,19238,21503,9422,ἡ δὲ γραφὴ μένει εἰς αἰῶνας:-,1,21503,
1862,25555,23062,15582,ἀν(θρώπ)οις ἀνέφηνας ἱδεῖν νοὸς σύνθετον ἄστρο(ν):-,1,23062,
1862,44091,23594,10959,"Ἀαγγελικῶν γραφίδων ἀμαρύγματα πολλὰ | κιχήσας,",0,23594,
1862,2278,17346,15582,Ἀνθρώποις ἀννέφηνας ἰδεῖν νοοσύνθετον ἄστρον.,1,17346,
1862,35571,25549,15582,ἀνθρώποις | ἀνέφηνας ἰδεῖν νοὸς||υνθετον ἄστρον:-,1,25549,
5030,49168,16923,13949,κε | ξηστερου | μέτα,3,16923,
5030,49167,16923,14860,μι δαρτης κὲ ληπηθης,2,16923,
5030,49172,33012,13949,κε ξηστερ(...) μετα|νοῦσης,3,33012,
5030,49170,33012,14882,γρᾶφε γάματα καλᾶ |,1,33012,
5030,49171,33012,14860,μη δαρεής (?) κε λὴπηθης,2,33012,
1862,44170,30145,10959,- ἀγγελικῶν γραφίδων ἀμαρύ|γματα πολλὰ κιχήσας |,0,30145,
1862,44177,30153,10959,"ἀγγελικῶν γραφίδων ἀμαρύγματα | πολλὰ κιχήσας,",0,30153,
5030,49173,28328,13951,μαι θὰρής,2,28328,
5030,49169,33012,15261,άρξου χηρ μου αγαθε ,0,33012,
5030,49175,21751,13949,καὶ ειστερα | μετανοησης,3,21751,
5030,49174,21751,14860,μη δαρης καὶ ληπηθης,2,21751,
1862,44225,30221,10959,"Ἀγγελικ(ῶν) γραφίδ(ων) ἀμαρύγμ(α)τα πολλὰ κιχήσ(ας),",0,30221,
5030,49176,33013,15261,+ άρξου χεῖραν ἀγαθήν.,0,33013,
1862,44250,30241,10959,"Ἀγγελικῶν γραφίδ(ων), ἀμαρύγμ(α)τ(α) πολλὰ | κιχήσας,",0,30241,
5030,49177,33014,15261,+ άρξού χείρ μού άγαθη,0,33014,
5030,46042,21896,9912,(...)γον ἐντραπῆς,3,21896,
6473,49201,33048,15479,"θῆτα, θεῶν ἀγορὴ. Τρώων κράτος. ἕκτορος εὖχος :–",0,33048,
5030,27055,23496,13951,μη δαρεις κ(αὶ) λυπηθεις,2,23496,
6475,49202,33049,15480,"⁘ ἐξαισίη δ’ ἀχιλῆος ἀπειθέος, ἐστὶν Ἰῶτα:+",0,33049,
5030,20177,21751,14882,γραφε γραματα καλα |,1,21751,
4155,19133,21483,10869,χειρ μ(εν) ἡ γράψασ(α) σέπεται τάφω·,0,21483,
4155,19247,21506,10869,χείρ μεν η γραψασα σιπεται ταφω,0,21506,
2150,47415,31125,14872,+ Οσπερ ξένη χαίροντε ἠδὶν πατρηδαν,0,31125,
2150,47416,31125,14873,και οι θαλαττεύοντες ηδὶν λημένα ,1,31125,
2150,47417,31125,14802,και η στρατεβόμενοι ηδὶν τον ηκος,2,31125,
2150,47418,31125,15681,οντος και [..........] ηδὶν βιβλιου τελος.,3,31125,
1982,47446,31137,16279,"+ ἡ τετρὰς ὧδε τῶν μαθητ(ῶν) τοῦ λόγου,",0,31137,
31190,47530,31191,,"Ἡ πραότης δίδωσ(ιν) ἁπλοῦν σοι τρόπον,   ",0,31191,
31190,47531,31191,,"ἀκακί(ας) δὲ κ(αὶ) πονηρί(ας) μεσον,",1,31191,
31190,47532,31191,,αὐτὸ(ς) δικαστὴς εὐστοχώτ(α)τος γίνου:,2,31191,
31190,47533,31191,,τιμῶν τὸ καλὸν καὶ μισῶν τοὐναντίον:‧ ,3,31191,
1982,34487,25322,16282,ψυχὰς κατάρδει καὶ | ποτίζει τὰς φέν(ας):-,3,25322,
1982,18758,21397,16282,ψυχὰς κατἄρδει (καὶ) πο|τίζει τὰς φρένας:·,3,21397,
1982,11871,19698,16282,ψυχὰς κατάρδει | καὶ ποτίζει τὰς φρέν(ας) +,3,19698,
1953,24775,22822,11240,μάρκος ἔτευξε τόδε πν(εύματο)ς ἐν σοφίη.,1,22822,
1953,2695,17428,11240,μάρκος ἔτευξε τόδε πν(εύματο)ς ἐν σοφίῃ :-,1,17428,
1953,28873,23851,11240,μάρκος ἔτευξε τόδε πν(εύματο)ς | ἐν σοφίη :-,1,23851,
1953,42604,29656,11240,μάρκος ἔτευξε τόδε πν(εύματο)ς ἐν σοφίῃ :~,1,29656,
2150,34888,25400,14872,ὥσπερ ξένη χαίροντ(αι) ὐδὴν πατρίδα,0,25400,
2148,8000,18715,14872,+ὥσπερ ξένοι χαίρουσι πα|τρίδα βλέπειν.,0,18715,
4245,41720,28325,14872,[Ὥσπερ] ξένη χαίροντες ἡδεῖν π(ατ)ρίδας,0,28325,
2150,6948,18496,14872,"Ὥσπερ ξένοι χαίρουσιν ἰδεῖν π(ατ)ρίδα,",0,18496,
2150,36117,25683,14872,Ὥσπερ ξένοι χαίροντες (...),0,25683,
2148,6952,18499,14872,"+ ὥσπερ ξένοι χαίρουσιν ἰδεῖν π(ατ)ρίδ(α),",0,18499,
2148,1712,17211,14872,ὡσπερ ξένοι χαίρουσιν ἰδεῖν π(ατ)ρίδ(α)·,0,17211,
2150,11413,19559,14872,+ ὅσπερ ξένη χερ(ον)τες ἤδ(ειν) πατρίδα,0,19559,
2148,10740,19418,14872,ώσπερ ξένοι | χαίροντες εἰδεῖν | πατρίδα |,0,19418,
2148,9993,19236,14872,ὥσπερ ξένοι χέρουσι ἰ|δεῖν π(ατ)ρίδα·,0,19236,
2148,17843,21179,14872,+ Ὥσπερ ξένοι χαίρουσιν ἰδεῖν πατρίδ(α)·,0,21179,
2148,1408,17149,14872,"Ὥσπερ ξένοι χαίρου|σιν ἰδεῖν πατρίδα,|",0,17149,
2148,19996,21694,14872,+ ὥσπερ | ξένοι χαί|ρουσιν πα|τρίδα βλέ|πειν.,0,21694,
2150,7493,18592,14872,"+ ὤσπερ ξενοι χαίρουσιν εἰδειν π(ατ)ρίδα,",0,18592,
2148,24325,22747,14872,"Ὥσπερ ξένοι χαίρουσιν ἰδεῖν π(ατ)ρίδα, ",0,22747,
2150,34889,25400,14873,καὶ ἡ θαλατεύοντες | εὐρεῖν λιμένα,1,25400,
2150,42431,28796,14873,καὶ οἱ θαλατ|τεύοντες ἰδεῖν λιμένα,1,28796,
4245,47581,31221,14873,καὶ η θαλατευομενὴ φθασοῦσή | λημενάν,1,31221,
4245,47583,31221,,καὶ η πο|λεμοῦμενην ηδοῦ πολεμοῦ νηκός,3,31221,
4245,29326,23958,14873,καὶ ἡ θαλατταίβοντες ἡ δεῖν λιμένα·,1,23958,
4245,41712,28322,14873,καὶ ἡ θαλατταίβοντες ἡ δεῖν λιμένα·,1,28322,
4245,41715,28323,14873,καὶ ἡ θαλατταίβοντες ἡ δεῖν λιμένα·,1,28323,
4245,47582,31221,14802,καί η στρατεβομενοι ηδοῦν τοῦς ηκοῦς‧,2,31221,
4245,29327,23958,15681,οὑτος καὶ οἱ γράφοντες βιβλίου τέλος.,2,23958,
1862,47604,31232,10959,"Ἀγγελικῶν γραφίδ(ων) ἀμαρύγματα πολλὰ κιχήσας,",0,31232,
1862,35570,25549,10959,Ἀγγελικῶν γραφίδων | ἁμαρύγματα πολλὰ | κιχήσας·,0,25549,
6473,49426,33397,15479,θῆτα θεῶν ἀγορὴ τρώων κράτος ἕκτορος εὖχος,0,33397,
6475,49427,33398,15480,+ ἐξεσίη δ’ ἀχιλῆος ἀπειθέος ἐστὶν ἰῶτα +,0,33398,
1953,47852,31408,11239,"ἔργον ἀριπρεπὲς ἐκ μεγάλου πέτρου μυηθείς,",0,31408,
1953,47853,31408,11240,μάρκος ἔτευξε τόδε πν(εύματο)ς ἐν σοφίη:,1,31408,
1953,23469,22416,11240,μάρκος ἔτευξε τόδε πν(εύματο)ς ἐν σοφίη +,1,22416,
1953,23451,22408,11240,μάρκος ἔτευξε τόδε πν(εύματο)ς ἐν σοφίη :-,1,22408,
4245,10910,19462,15681,οὕτω καὶ οἱ γράφοντες οἱδὺν βιβλίου | τέλος:- |,2,19462,
6475,47869,31445,15480,ἐξεσίη δ’ ἀχιλῆος ἀπειθέος ἐστὶν ἰῶτα,0,31445,
6475,47898,31481,15480,εξεσίη δ’ ἀχιλῆος ἀπειθέος ἐστὶν ἰῶτα:-,0,31481,
6473,47897,31480,15479,θῆτα θεῶν ἀγορὴ τρώ(ων) κράτος ἕκτορος εὖχος:-,0,31480,
4245,47580,31221,14872,+ ὡσπὲρ ξενοίς χεροντές ηδὴν πατρηδά,0,31221,
2148,11191,19512,14872,"+ ὥσπερ ξένοι χαίρουσιν ἰδ(εῖν) πατρίδα,",0,19512,
2148,17847,21182,14872,"Ὥσπερ ξένοι χαίρουσιν ἰδεῖν πατρίδα,",0,21182,
2150,47933,31506,14873,καὶ ἡ θαλατέ|βουσιν ἠδεῖν λιμένα,1,31506,
2150,6005,18236,14873,"<καὶ> <οἱ θαλ>αττεύοντες <ιδεῑν> λιμενα,",1,18236,
2150,3887,17713,14873,καὶ οἱ θαλατεύοντες | ἰδ(εῖν) λιμένα,1,17713,
2150,3926,17726,14873,καὶ η θαλατ(τέ)βοντες του ευρῆν λημέ(νας?).,1,17726,
2150,5324,18086,14873,"καὶ οἱ θαλαττεύοντες ἰδεῖν λιμένα,",1,18086,
4245,47584,31221,15681,οὐτος καὶ η γράφοντες ηδοῦ βηβλήοῦ τελος‧,4,31221,
2148,42787,29724,15681,οὕτως (καὶ) | τοῖς γράφουσιν | βιβλίου τέλος :-,1,29724,
6473,47975,31558,15479,Θῆτα θεῶν ἀγορή· Τρώων κράτος· Ἕκτορος εὖχος,0,31558,
3436,48000,31578,,καὶ μὴ δυνατοὺς ἐκφυγεῖν τιμωρί(ας):+,4,31578,
3436,47996,31578,15652,"αἰσχύλε τί φὴς τοὺς θεούς σου προσφέρεις,",0,31578,
3436,47997,31578,15653,"πάσχοντ(ας) αἰσχρ(ῶς) ἐκ θεῶν ὁμοτρόπων,",1,31578,
3436,47998,31578,15654,καὶ π(ῶς) ἄρα λέληθ(ας) αὐτὸν εἰς τέλο(ς) ,2,31578,
3436,42822,29749,15655,"θεοὺς σεβάζων τοὺς παθητ(οὺς) τὴν φύσ(ιν),",3,29749,
3436,47999,31578,15655,"θε(οὺς) σεβάζω(ν) τοὺς παθητ(οὺς) τὴν φύσ(ιν),",3,31578,
3436,17412,21112,15655,"θεοὺς σεβάζων τοὺς παθητοὺς τὴν φύσιν,",3,21112,
3436,33518,25029,15655,θεοὺς σεβάζων τοὺς παθητοὺς τὴν φύσιν:,3,25029,
3436,34676,25355,15655,"θεοὺς σεβάζων τοὺς παθητοὺς τὴν φύσ(ιν),",1,25355,
3147,48035,31665,12119,κ(αὶ) τί μέγα | ζώειν τ(ὸν) αὐτίκα νε(...) ἐόντα,1,31665,
3147,31320,24491,12119,κ(αὶ) τί μέγα ζώειν τὸν αὐτικα νεκρ(ὸν) ἐόντα: |,2,24491,
3147,48034,31665,12118,εἰπὲ δ’ ὅθεν προέβη κ(αὶ) ποῦ ὁδοιπορέει‧,0,31665,
3147,48036,31665,12120,ὁ χρόνο(ς) ἀπατέει φύλλ(ων) ἔοι(...) ύσις·,2,31665,
3147,29308,23951,12120,"ὁ χρόνος ἀπατέει φύλλω ἔοικε, | φύσ(ις) ",3,23951,
3147,48037,31665,12121,γαῖα βροτὸ(ς) κ(αὶ) ὕδωρ τὰ (...) | εἰς τάδε δύνει·,3,31665,
3147,9680,19129,12121,γαῖα βροτὸς καὶ ὕδωρ· τὰδ᾽ ἀπ᾽ αὐτόφιν εἰς τάδε δύνει·,4,19129,
3147,35113,25441,12121,γαῖα βροτὸς κ(αὶ) ὕδωρ· τὰ δ' ἀπαυτόφ(ιν) εἰς τάδε δύνει·,4,25441,
3147,31074,24451,12121,γαία βροτὸς (καὶ) ὕδωρ· τὰ δ᾽ ἀπ᾽ αὐτόφι ἐς τάδε· | δύνει·,4,24451,
3147,34723,25358,12121,γαῖα βροτὸ(ς) καὶ ὕδωρ τὰ ἀπ’ αὐτόφ(ιν) τάδε δύνει·,4,25358,
3147,29309,23951,12121,γαῖα βροτὸς κ(αὶ) ὕδωρ τὰδ᾽ ἐπ αὐτό σφ(ιν) εἰς | ταδε δαύει (?)·  ,4,23951,
3147,48038,31665,12122,ὥστε μάτην ὁ βίο(ς) κ(αὶ) ὅσα τ(ις) πονέει:-,4,31665,
3147,13544,20167,12122,(ὥσ)τε μάτην ὁ βίος (καὶ) ὅσα τ(ις) πονέει:·,5,20167,
3147,39590,26548,12122,ὥστε μάτην ὁ βίος κ(αὶ) ὅσα τις πονέει+,5,26548,
3147,33644,25067,12122,ὥστε μάτην ὁ βίος καὶ ὅσα τὶς πονέει,3,25067,
3147,45022,21027,12122,ὥστε μάτην ὁ βίος (καὶ) ὅσα τίς (...)ν(...)ει +,5,21027,
3147,37699,26068,12122,ὅστε μάτην ὁ βίος καὶ ὅσα τις πονέει:+,5,26068,
3147,8940,18961,12122,ὥς τε μάτην ὁ βίος καὶ ὅσα τις πονέει.,5,18961,
3147,29310,23951,12122,ὥστε μάταια ὁ βίος κ(αὶ) ὅσα τίς πονέει·:·,5,23951,
3147,34724,25358,12122,(ὥσ)τε μάτην ὁ βίος καὶ ὅσα τ(ις) πονέει,5,25358,
6473,49473,33435,15479,"Θῆτα, θεῶν ἀγορὴ, τρώων κράτος, ἕκτορος εὖχος:-",0,33435,
6475,49474,33436,15480,Ἐξεσίη δ’ ἀχιλῆος ἀπειθέος ἐστὶν ἰῶτα:·,0,33436,
6473,48788,32694,15479,θῆτα θεῶν ἀγορὴ τρώ(ων) κράτος· ἕκτορος εὖχος·,0,32694,
6473,24113,22633,15479,θῆτα· θεῶν ἀγορή· τρώων κράτος· ἕκτορος εὖχος·,0,22633,
6473,32453,24769,15479,"θῆτα θεῶν ἀγορὴ, τρώων κράτο(ς)· ἕκτορος εὖχος",0,24769,
6475,47868,31442,15480,σίη δ’ ἀχιλῆος ἀπειθέος ἐστὶν ἰῶτα.,0,31442,
6475,44343,30361,15480,:· ἐξεσίη δ’ ἀχιλῆος ἀπειθέος ἐστὶν. Ἰῶτα:,0,30361,
6475,49913,33885,15480,⁘ ἐξαισίη δ’ ἀχιλῆος ἀπειθέος ἐστὶν ἰῶτα ⁘,0,33885,
6475,37658,26051,15480,+ ἰῶτα ἐξεσίη δ’ ἀχιλῆος ἀπειθέος ἐστὶν:~,0,26051,
6475,49886,33851,15480,ἐξεσίη δ’ ἀχιλλῆος | ἀπειθέος ἔστ(ιν) ἰῶτα +,0,33851,
6473,49534,33475,15479,θῆτα θε(ῶν) ἀγορὴ τρώ(ων) κράτο(ς) ἕκτορο(ς) εὖχο(ς):-,0,33475,
6473,47867,31438,15479,+ θῆτα θεῶν ἀγορὴ τρώων κράτος ἕκτορος εὖχος:-,0,31438,
6473,29999,24128,15479,Θῆτα θεῶν ἀγορὴ τρώων κράτος· ἕκτορος εὐχος,0,24128,
6473,44333,30347,15479,Θῆτα. θεῶν ἀγορὴν. τρώων κράτος· ἕκτορος εὖχος:,0,30347,
6473,49912,33884,15479,⁘ θῆτα· θεῶν ἀγορὴν· τρώων κράτος· ἕκτορος εὖχος ⁘,0,33884,
6473,37971,26163,15479,Θῆτα θεῶν ἀγορὴ τρώ(ων) κράτο(ς) ἕκτορι εὖχο(ς):-,0,26163,
6475,49938,33924,15480,※ ἐξεσίη δ’ ἀχιλλῆος ἀπειθέος ἐστὶν ἰῶτα ※,0,33924,
6473,50039,33979,15479,θῆτα θεῶν ἀγορὴ· τρώων κράτος· ἕκτορος εὖχος ※,0,33979,
6475,50040,33981,15480,※ ἐξεσίη δ’ ἀχιλῆος ἀπειθέος ἐστὶν ἰῶτα:-,0,33981,
5030,50070,34003,15261,"Ἄρξου, χείρ μου ἀγαθή",0,34003,
5030,48577,32486,15261,άρξου χιρα αγα|θη,0,32486,
5030,42480,29424,15261,ἄρξο χίρ μ(ου) ἀγαθί ,0,29424,
5030,20140,21743,15261,αρξου χειρ μου αγαθη ,0,21743,
5030,26151,23154,15261,ἄρξου χῆρ μοῦ ἀγαθῆ,0,23154,
5030,26159,23158,15261,+ αρξου χηρ μου ἀγαθη,0,23158,
5030,26164,23159,15261,+ ἄρξου χειρ μου ἀγαθὶ,0,23159,
5030,41918,28426,15261,αρξου χείρ μου ἀγαθεῖ ,0,28426,
5030,48128,31715,15261,αρξου χείρ μου ἀγαθεῖ ,0,31715,
5030,32746,24891,15261,+ ἄρξου χείρ μου ἀγαθή· ,0,24891,
5030,23778,22495,15261,+ ἄρξου χήραν αγαθὴν,0,22495,
2326,10425,19345,15330,ζωνὶ θεοτρόφέος πείμπλαμαι ἀμβρο|σίης:-,3,19345,
2326,49268,33153,15330,"ζηνὶ, θεοτροφέος πίμπλαμαι ἀμβροσίης.",3,33153,
2326,18139,21251,15330,"ζηνὶ, | διοτροφέ(ο)ς | πίμπλαμαι ἀμβροσίης:-",3,21251,
2326,42445,29368,15330,"ζηνὶ, θεοτρεφέος πίμπλαμαι ἀμβροσίης. +",3,29368,
2326,4125,17781,15330,ζηνὶ διοτρεφέος πίμπλαμαι ἀμβροσίης:,3,17781,
2326,22423,22230,15330,"ζηνὶ, θεοτρεφέος πίμπλαμαι ἀμβροσίης",3,22230,
2326,50121,34083,15327,οἶδ’ ὅτι θνητὸς ἔφυν καὶ ἐφάμερος· ἀλλ’ ὅταν ἄστρ(ων),0,34083,
2326,10422,19345,15327,Οἶδ’ ὅτι θνητὸς ἔφυν κ(αὶ) ἐφήμερος· ἀλλ’ ὅταν ἄστρων,0,19345,
2326,49265,33153,15327,"Οἶδ’ ὅτι θνητός ἔφυν καὶ ἐφήμερος, ἀλλ’ ὅταν ἄστρων",0,33153,
2326,42442,29368,15327,+οἶδ’ ὅτι θνητὸς ἔφυν καὶ ἐφάμερος· ἀλλ’ ὅταν ἄστρων |,0,29368,
2326,50122,34083,15328,Μαστεύω πικνὰς ἀμφυδρόμους ἕλικας,1,34083,
2326,49266,33153,15328,"μαστεύω, πυκνὰς ἀμφιδρόμους ἔλικας",1,33153,
2326,40933,27083,15328,μαστεύω πυκινὰς ἀμφιδρόμους ἕλικας,1,27083,
2326,42443,29368,15328,μαστεύω πικνὰς (?)  ἀμφιδρόμους ἕλικας· |,1,29368,
2326,50123,34083,15329,Οὐκ ἐτ’ ἐπιψαύω γαίης ποσίν· ἀλλἀ παρ’ αὐτῶ,2,34083,
2326,10424,19345,15329,"οὐκέτ’ ἐπιψαύω γαίης | ποσὶν, ἀλλὰ παρ’ αὐτῷ",2,19345,
2326,49267,33153,15329,"οὐκ ἔτι πιψαύω γαίης ποσὶν, ἀλλὰ παρ’ αὐτῷ",2,33153,
2326,18138,21251,15329,"οὐκ ἔτ’ ἐπι|ψαύω γαίης ποσὶν, ἀλλὰ | παρ’ ἀυτῷ",2,21251,
2326,40934,27083,15329,οὐκ ἔτ’ ἐπιψαύων γαίης ποσὶν ἀλλὰ παρ’ αὐτῶι·,2,27083,
2326,42444,29368,15329,οὐκέτ’ ἐπιψαύω γαίης ποσίν· ἀλλὰ παρ’ αὐτῶ |,2,29368,
2326,4124,17781,15329,οὐκέτ᾽ ἐπιψαύω γαίης ποσίν. ἀλλὰ παρ᾽ αὐτῶ,2,17781,
2326,22422,22230,15329,"οὐκέτ' ἐπιψαύω γαίης ποσὶν, ἀλλὰ παρ’ αὐτῶ",2,22230,
2326,50124,34083,15330,ζηνὶ θεοτροφέος πίμπλαμαι ἀμβροσίης,3,34083,
4245,49776,33792,14874,καὶ οἱ ληδοροῦμενοι ἄμ(…) | εὕρειν,2,33792,
4245,49778,33792,15363,"καὶ ὡς ἡ | (καὶ) τέξασα χαρὰν, μετεσχεν;",4,33792,
4245,49779,33792,15681,οὑτ(ως)|  καὶ οἱ γράφοντες απεγδεχόμε|νοι βιβλίου τέλος,5,33792,
2225,50188,34160,15417,Τῶ σὺν τελεστῆ τῶν καλλῶν θ(ε)ῶ χάρις·,0,34160,
2225,50189,34160,15418,Τὸν δακτύλοις | γράψαντα τῶν κεκτημένων·,1,34160,
2225,6270,18300,15418,"τὸν δακτύλοις γράψαντα, τὸν κεκτημένον",0,18300,
2225,7887,18684,15418,Τόν δακτύλοις γράψαντα τόν κεκτημένον,0,18684,
2225,7088,18523,15418,+ τὸν δακτύλ(οις) γράψαντ(α) τῶ ποθ(ῶ) κεκτημένω,0,18523,
2225,35059,25425,15418,"Τὸν δακτύλοις γράψαντα, τὸν κεκτημένον,",0,25425,
2225,3452,17657,15418,⁘ τὸν δακτύλοις γραψαντα τ(ὸν) κεκτημένον:,0,17657,
2225,7165,18539,15418,τὸν δακτύλοις γράψαντ(α) τὸν κτίσάντά τ(ε),0,18539,
2225,11016,19485,15418,+ τ(ὸν) δακτύλοις γράψαντα σὺν κεκτημένω,0,19485,
2225,7807,18659,15418,τὸν δακτύλοις γράψαντα· τὸν κἐκ|τημένον·,0,18659,
2225,18260,21266,15418,"+ τὸν δακτύλοις γράψαντα· κ(αὶ) κεκτημένον,",0,21266,
2225,18278,21277,15418,+ Τὸν δακτύλοις γράψαντα τω κεκτημένω,0,21277,
2225,8787,18907,15418,τὸ δακτύλ(οις) γράψαντ(ι)· τῶ κεκτημένω·,0,18907,
2225,21406,22024,15418,Τὸν δακτύλοισ γράψαντα·|τὸν κεκτημένον·,0,22024,
2225,8550,18861,15418,":· Τὸν Δακτύλοις Γράψαντα, τὸν κεκτημένον,",0,18861,
2225,19479,21556,15418,"+ Τὸν δακτύλοις γράψαντα, τὸν κεκτημένον,",0,21556,
2225,7910,18691,15418,Τὸν δακτύλοις γράψαντα τῶ κεκτημένω,0,18691,
2225,7731,18632,15418,"τὸν δακτύλοις γράψαντα, τὸν κεκτημέ|[ν]ον·",0,18632,
2225,5282,18069,15418,τὸν δακτύλοις γράψαντα τὸν κεκτημένον,0,18069,
2225,476,16990,15418,"+ τῷ δακτύλοις γράψαντι, τῷ κεκτημένῳ",0,16990,
2225,4061,17768,15418,"+τὸν δακτύλοις γράψαντα τῶ κεκτημένω, |",0,17768,
2225,8136,18751,15418,"+ τὸν δακτύλοις γράψαντα τὸν | κεκτημένον,",0,18751,
2225,44867,22490,15418,Τῶ δακτύλοις γράψαντι τῶ κεκτιμένω·,0,22490,
2225,50190,34160,15419,Τὸν ἀναγυνώσκον|τα σὺν προθυμία·,2,34160,
2225,7089,18523,15419,"τὸν ἀναγινώσκοντ(α) ἐν προθυμία,",1,18523,
2225,11017,19485,15419,"τὸν ἀναγινώσκοντα σὺν προθυμία,",1,19485,
2225,16578,20903,15419,"τὸν ἀναγινώσκοντα σὺν προθυμία,",1,20903,
2225,18261,21266,15419,"τὸν ἀναγινώσκοντα, σὺν προθυμία,",1,21266,
2225,21407,22024,15419,"τὸν|ἀναγινώσκοντα σὺν προθυμία,",1,22024,
2225,5283,18069,15419,τὸν ἀναγινώσκοντα σὺν προθυμίᾳ,1,18069,
2225,22230,22197,15419,τὸν ἀναγινώσκοντα| σὺν προθυμία ˙,1,22197,
2225,50191,34160,15420,Φύλατε τοὺς δούλους σου· | τριᾶς ὦ τρισολβία:-,3,34160,
2225,7090,18523,15420,φύλαττε τούτους τριὰς ἡ τρισολβία +,2,18523,
2225,30080,24181,15420,φύλαττες τοὺς τρεῖς ὦ τριᾶς Παναγία·,2,24181,
2225,7889,18684,15420,"φύλαττε τούς τρεῖς, ὦ Τριὰς τρισαγία:-",2,18684,
2225,14976,20535,15420,φύλαττε τοὺς τρεῖς ὦ τριὰς ὁ θ(εό)ς μου:,2,20535,
2225,3454,17657,15420,⁘ φύλαττε τοὺς τρεῖς· ἡ τριὰς τρισολβίως:·,2,17657,
2225,7166,18539,15420,"φύλαττε τοὺς τρεῖς, ὢ τριὰς τρισολβία:",1,18539,
2225,11018,19485,15420,"φύλαττε τοὺς τρεῖς, ὦ τριὰς τρισολβία +",2,19485,
2225,16546,20890,15420,φύλαττε· τοῦς τρεῖς· ἡ τριὰς | τρισολβίως·,2,20890,
2225,16579,20903,15420,"φύλαττε τοὺς τρεῖς, ὦ τρι(ὰς) τρισολβία :+",2,20903,
2225,6540,18373,15420,φύλαττε τοὺς τρεῖς ἡ τριᾶς τρι|σολβίως:-,2,18373,
2225,8552,18861,15420,Φύλαττε τὸν στρεῖς. ἡ τριὰς τρισολβΐως :-+++,2,18861,
2225,19481,21556,15420,φύλαττε τοὺς τρεῖς ἡ τριὰς τρισολβίως.,2,21556,
2225,7912,18691,15420,φύλλαττε τοὺς τρεῖς ὦ Τριὰς τρισολβία.,2,18691,
2225,7733,18632,15420,φύλαττε τ(οὺς) τρεῖς ἡ τριᾶς τρισωλβί(ως):-,2,18632,
2225,7595,18605,15420,φύλαττε τοὺς τρεῖς ὦ τριὰς τρισολβία:+,2,18605,
2225,5136,18035,15420,"φύ|λατται τοῦς τρεῖς, ὦ τριὰς τρισολβία|",2,18035,
2225,5284,18069,15420,"φύλαττε τοὺς τρεῖς, ὦ τρϊὰς τρισολβΐαι",2,18069,
2225,370,16973,15420,φυλατται τοὺς τρὶς | ἡ τριὰς παναγία :-+++++,2,16973,
2225,1661,17201,15420,φύλαττε τοὺς τρεῖς ἡ τριὰς τρισολβίως· +,2,17201,
2225,5335,18091,15420,φύλαττε τοὺς τρεῖς ὦ τριὰς τρισολβία,2,18091,
2225,478,16990,15420,"φύλαττε τοὺς τρεῖς, ὦ τριὰς τρισολβία +",2,16990,
2225,4063,17768,15420,"φύλαττε τοὺς τρεῖς, ὦ | τριάς τρισολβία+++",2,17768,
2225,8138,18751,15420,φύλαττε τοὺς τρεῖς ὦ τριὰς τρισολβία +.,2,18751,
2225,22231,22197,15420,"φρούρησον τοὺς τρεῖς, ὦ τριὰς τρισολβία: +",2,22197,
2225,44869,22490,15420,Φύλαττε τοῦς τρεῖς· ὦ τριας παναγία,2,22490,
6473,50249,34182,15479,+ θῆτα θεῶν ἀγορὴ τρώ(ων) κράτο(ς) ἕκτορος εὖχος +,0,34182,
6475,50250,34183,15480,+ ἐξεσίη δ’ ἀχιλῆο(ς) ἀπειθέος ἐστὶν ἰῶτα +,0,34183,
1862,44171,30145,15582,ἀνθρώποις ἀνέφηνας ἰδεῖν | νοοσύνθετον ἄστρον·,1,30145,
1862,44178,30153,15582,ἀν(θρώπ)οις ἀνέφηνας | ἰδεῖν νοοσύνθετον ἄστρον:-,1,30153,
1862,44226,30221,15582,ἀν(θρώπ)οις ἀνέφην(ας) ἰδ(εῖν) νοοσύνθετ(ον) ἄστρον:-,1,30221,
1862,26437,23215,15582,ἀν(θρώπ)οις ἀνέφηνας ιδεῖν | νοὸς σύνθετον ἄστρον +,1,23215,
1862,47605,31232,15582,ἀν(θρώπ)οις ἀνέφην(ας) ἰδ(εῖν) | νοοσύνθετον ἄστρον:-,1,31232,
1862,44251,30241,15582,ἀν(θρώπ)οις ἀνέφηνας ἰδεῖν νοῒ σύνθετον ἄστρον:,1,30241,
1862,24032,22599,15582,ἀν(θρώπ)οις ἀνέφηνας ἰδεῖν νοοσύνθετον ἄστρον:-,1,22599,
1862,17090,21068,15582,ν(θρώπ)οις ἀνέφηνας ἰδ(εῖν) νοὸς σύνθετον ἄστρον:,1,21068,
1862,17092,21069,15582,"ἀν(θρώπ)οις ἀνέφηνας ἰδ(εῖν), νοοσύνθετον, ἄστρον:-",1,21069,
1862,17398,21105,15582,ἀν(θρώπ)οις ἀνέφηνας | ἰδεῖν νοοσύνθετον ἄστρον +,1,21105,
1862,11644,19628,15582,"Ἀν(θρώπ)οις ἀνέφηνας, ἰδεῖν νοοσύνθετον ἄστρον:-",1,19628,
1862,44088,20084,15582,ἀν(θρώπ)οις ἀνέφηνας ἰδεῖν νοοσύνθετον | ἄστρον:,1,20084,
1862,44092,23594,15582,Αἀν(θρώπ)οις ἀνέφηνας ἰδεῖν νοο|σύνθετον ἄστρον:-,1,23594,
1862,238,16936,15582,ἀνθρώποις ἀνέ|φηνας ἰδεῖν· νοοσύνθετον ἄστρον:-,1,16936,
1862,33834,25107,15582,Ἀν(θρώπ)οις ἀνέφηνας ἰδεῖν νοοσύνθετον ἄστρον:-,1,25107,
1862,36336,25739,15582,ἀνθρώποις ἀνέφηνας ἰδεῖν νοοσύνθετον ἄστρον -:-,1,25739,
1862,13155,20045,15582,ἀν(θρώπ)οις ἀνέφηνας· ἰδεῖν νοοσυνθέτου ἄστρον:-,1,20045,
1862,4747,17954,15582,ἀν(θρώπ)οις ἀνέφην(ας) ἰδεῖν νο|οσύνθετον ἄστρον:-,1,17954,
1862,2510,17381,15582,ἀνθρώποις ἀνέφη|νας ἰδεῖν. νοοσύνθετον ἄστρον:-,1,17381,
3436,50448,34326,15653,Πάσχοντας αἰσχρῶς ἐκ θεῶν ὁμοτρόπων,,1,34326
3436,33516,25029,15653,πάσχοντας αἰσχρῶς ἐκ θεῶν ὁμοτρόπων, ,1,25029
3436,50447,34326,15652,Αἰσχύλε τὶ φής· τοὺς θεούς σου προσφέρεις,0,34326,
3436,50449,34326,15654,"Καὶ πῶς ἄρα λέληθας σαὐτὸν εἰς τέλος,",2,34326,
3436,42821,29749,15654,"καὶ πῶς ἆρα λέληθας σαυτὸν εἰς τέλος,",2,29749,
3436,17411,21112,15654,"καὶ πῶς ἄρα λέληθας σαυτὸν εἰς τέλος,",2,21112,
3436,29488,23998,15654,"(καὶ) πῶς ἄρα λέληθας σαυτ(ὸν) εἰς τέλος,",2,23998,
3436,33517,25029,15654,καὶ πῶς ἄρ᾽ ἔλέληθας αὐτὸν εἰς τέλος:,2,25029,
3436,34734,25362,15654,κ(αὶ) π(ῶς) ἄρα λέληθ(ας) σαυτὸν εἰς τέλο(ς),1,25362,
3436,50450,34326,15655,"Θεοὺς σεβάζων τοὺς παθητ(οὺς) τὴν φύσιν,",3,34326,
3436,29480,23996,15655,"θεοὺς σεβάζων τοὺς παθητοὺς τὴν φύσ(ιν),",3,23996,
3436,29489,23998,15655,θεοὺς σεβάζων τ(οὺς) παθῆ (?) τ(οὺς) τ(ὴν) φύσ(ιν) |,3,23998,
3436,39570,26545,15655,θεοὺς σεβάζων τοὺς παθητοὺς (...)ιν,3,26545,
3436,50451,34326,15656,Καὶ μὴ δυνατοὺς ἐκφυγεῖν τιμωρίας:-,4,34326,
3436,42823,29749,15656,καὶ μὴ δυνατοὺς ἐκφυγεῖν τιμωρί(ας) +,4,29749,
3436,10467,19350,15656,[καὶ μὴ δυνατοὺς] | ἐκφυγ(εῖν) τιμωρί(ας)·,4,19350,
3436,17413,21112,15656,καὶ μὴ δυνατοὺς ἐκφυγεῖν τιμωρίας:~,4,21112,
3436,29490,23998,15656,(καὶ) μὴ δυνατ(οὺς) ἐκφυγεῖν τιμωρίαν:-,4,23998,
3436,33519,25029,15656,κ(αὶ) μὴ δυνατοὺς ἐκφυγεῖν τιμωρίας:+,4,25029,
3436,34817,25385,15656,καὶ μὴ δυνατοὺς ἐκφυγεῖν τιμωρίας:-,4,25385,
3436,34735,25362,15656,κ(αὶ) μὴ δυνατ(οὺς) ἐκφυγ(εῖν) τιμωρί(ας):+,2,25362,
3436,34679,25355,15664,αἴαζε τοίνυν τοῦτο γ(ὰ)ρ πάρεστί σοι:+,4,25355,
4245,41692,28315,15681,οὑτος καὶ οἱ γράφοντες βιβλίου τέλος.,2,28315,
4245,41695,28316,15681,οὑτος καὶ οἱ γράφοντες βιβλίου τέλος.,2,28316,
4245,41698,28317,15681,οὑτος καὶ οἱ γράφοντες βιβλίου τέλος.,2,28317,
4245,41701,28318,15681,οὑτος καὶ οἱ γράφοντες βιβλίου τέλος.,2,28318,
4245,41704,28319,15681,οὑτος καὶ οἱ γράφοντες βιβλίου τέλος.,2,28319,
4245,41707,28320,15681,οὑτος καὶ οἱ γράφοντες βιβλίου τέλος.,2,28320,
2150,11707,19656,15681,οὕτως καὶ οἱ γοάφοντες βιβλίου τέλος,2,19656,
2148,21584,22064,15681,ουτως | οἱ γραφοντες | βιβλιου τέλο(ς):-,1,22064,
2150,246,16941,15681,οντος και [..........] ηδὶν βιβλιου τελος.,3,16941,
2150,7175,18542,15681,οὕτω καὶ οἱ γράφοντες βιβλίου τέλος·,2,18542,
2150,34890,25400,15681,οὕτω καὶ ἡ γράφοντ(ες) ἡδὴν βιβλίου τέλ(ος),2,25400,
2148,48228,31962,15681,οὕτ(ως) καὶ οἱ γράφοντ(ες) βιβλίου τέλο(ς),1,31962,
2148,248,16942,15681,οὕ|τω καὶ τῷ γράφοντ(ι) βιβλίου τέλ(ος) ·:·,1,16942,
2148,41683,28311,15681,οὕτω (καὶ) οἱ γράφοντες τέλος βιβλίου +,1,28311,
2148,11192,19512,15681,οὕτω καὶ οἱ γράφοντες βιβλίου τέλος+,1,19512,
2148,6726,18418,15681,οὕτω καὶ οἱ γράφοντες βιβλίου τέλος.,1,18418,
2148,17848,21182,15681,οὕτως καὶ οἱ γράφοντες βιβλίου τέλος.,1,21182,
2150,6836,18466,15681,οὖτοσ καὶ οἱ γράφον(τες) βϊβλίου τέλο(ς),2,18466,
2150,6845,18469,15681,οὕτωσ καὶ ὁι γράφοντες βιβλίου τέ(λος).,2,18469,
2148,6875,18472,15681,οὕτω καὶ οἱ γράφοντες βιβλίου τέλος.,1,18472,
2150,44998,19694,15681,(...)τος κ(αὶ) οἱ γράφωντες ἱδεῖν βιβλείου τέλος: +,2,19694,
4245,33244,24975,15681,οὖτω κὰλή βυβλογράφοντες ἰδοὐ βυβλήου τελος,2,24975,
2148,16807,20982,15681,οὕτω καὶ οί γράφοντες βιβλίου· τέλος·,1,20982,
2150,28788,23822,15681,ὁύτως καὶ οἱ βίβλωγράφοντες ἱδεῖν βιβλίου τέλως,2,23822,
2150,7290,18561,15681,οὗτω καὶ οἰ γράφοντες βλϊβλίου τέλος.,2,18561,
4245,16170,20789,15681,(καὶ) ἡ βιβλιογράφοντες ευρεῖν τέλου βιβλίου·,3,20789,
2148,15982,20758,15681,οὗτως καὶ ἡ γράφονταις βιβλίου | τέλος·,1,20758,
2148,17850,21183,15681,οὕτ(ως) | κ(αὶ) οἱ γράφοντες ἰδεῖν βιβλίου τέλος:-,1,21183,
2150,37385,25962,15681,οὕτω καὶ οἱ γρά|φοντες εὑρεῖν βιβλίου τέλος:,2,25962,
2150,7188,18548,15681,"οὗτο(ς) καὶ | οἱ γράφοντ(ες), ἰδ(εῖν) βιβλίου τέλος:+",2,18548,
2148,16467,20870,15681,οὕτως κ(αὶ) οἱ γράφ(ων)τες ἰδεῖν βιβλίου τέλος.,1,20870,
2148,8234,18773,15681,Οὕτω καὶ οἱ γράφοντες ἐν δέλτωι τέλος.,1,18773,
4245,41710,28321,15681,οὑτος καὶ οἱ γράφοντες βιβλίου τέλος.,2,28321,
4245,41713,28322,15681,οὑτος καὶ οἱ γράφοντες βιβλίου τέλος.,2,28322,
4245,41716,28323,15681,οὑτος καὶ οἱ γράφοντες βιβλίου τέλος.,2,28323,
4245,41719,28324,15681,οὑτος καὶ οἱ γράφοντες βιβλίου τέλος.,2,28324,
4245,41722,28325,15681,οὑτος καὶ οἱ γράφοντες βιβλίου τέλος.,2,28325,
4245,41725,28326,15681,οὑτος καὶ οἱ γράφοντες βιβλίου τέλος.,2,28326,
4245,41728,28327,15681,οὑτος καὶ οἱ γράφοντες βιβλίου τέλος.,2,28327,
2150,48379,19756,15681,Οὕτος καὶ οἱ γράφοντες ἰδεῖν βιβλίου τέλος.,2,19756,
2148,48552,32438,15681,οὕτω καὶ οἱ γράφοντες βιβλίου τέλος,1,32438,
2150,48555,25683,15681,(...) βιβλίου τέλος,2,25683,
2148,6953,18499,15681,οὕτ(ως) (καὶ) οἱ γράφ(...) | βιβλίου τέλο(ς)·,1,18499,
2150,11432,19567,15681,οὗτος καὶ οἱ τοῦ βιβλίου γράφοντες,2,19567,
2148,1713,17211,15681,οὕτ(ως) (καὶ) οἱ γρά(φοντες) βιβλίου τέλο(ς) + |,1,17211,
2148,10741,19418,15681,οὕτ(ως) (καὶ) οἱ γρά|φοντ(ες) βιβλίου τέλος.,1,19418,
2148,798,17053,15681,οὕτ(ως) (καὶ) οἱ γράφοντες ιδεῖν βιβλίου τέλος:-,1,17053,
2148,45372,30714,15681,οὕτω καὶ οἱ γράφοντες βιβλίου τέλος,1,30714,
2148,1472,17161,15681,οὕτως κ(αὶ) | οἱ γράφουσι τέλος | βιβλίου·+,1,17161,
2150,6006,18236,15681,<οὕτω> καὶ <οἱ> γρά<φον>τες βυβλι<ου> τέλος.,2,18236,
4245,19889,21663,15681,"οὑτο και ἱ γράφοντ(ες), ἰδὶν βιβλίου τέλ<ος>.",3,21663,
2148,20324,21775,15681,οὕτος καὶ οἱ γράφοντες βιβλίου τέλος,1,21775,
2150,12005,19723,15681,οὕτω κ(αὶ) οἱ γράφον(τες) | βιβλίου τέλος +,2,19723,
2150,7495,18592,15681,οὕτω | καὶ οἱ  βιβλογράφοντες εὐρεῖν βιβλίου τέλος·,2,18592,
2150,3888,17713,15681,οὕτω καὶ ἡμεῖς οἱ γράφοντες ἰδ(εῖν) | τὸ τέλος:-,2,17713,
2150,3927,17726,15681,οῦτος και ἡ γρά|φοντες εὔρην βηβλῆου τελος.,2,17726,
2150,4487,17873,15681,οὕτω καὶ οἱ γράφοντες ἰδῦν βιβλίου τέλος.,4,17873,
2148,3137,17569,15681,(...)|τως καὶ ἡ γραφ(...) | τέλος βιβλί(...),1,17569,
2148,3139,17570,15681,οὕτ(...) | καὶ οἱ γράφοντες βιβλίου τέλος +,1,17570,
2148,3141,17571,15681,οὕτως καὶ οἱ γράφοντες βιβλίου τέλος.,1,17571,
2148,23610,22437,15681,οὕτω καὶ οἱ βιβλογράφοντες ίδεῖν βιβλίου | τέλος :~,2,22437,
2148,8102,18742,15681,οὕτως (καὶ) οἱ γράφοντες| βιβλίου τέλ(ος).,1,18742,
2150,7169,18540,15681,"οὕτω καὶ οἱ γράφοντ(ες), βιβλίου τέλ(ος):+",2,18540,
1982,50897,34580,16278,κόσμος παρηγόρημα τοῦ δίψους λάβη:·,2,34580,
1982,50895,34580,16276,፠ λόγων ὁ μάρκο(ς) τ(ὴν) ἀείρρυτον χύσ(ιν):·,0,34580,
1982,50896,34580,16277,εἰς πλῆθος ἐκκένωσ(ον) ἀντλήσας ὅπως:·,1,34580,
1982,50898,34580,16279,ἡ τετρὰς ὧδε τῶν μαθητ(ῶν) τοῦ λόγου,3,34580,
1982,49107,32975,16279,τετρὰς ὦδε τῶν μαθη|τῶν τοῦ λόγου·,0,32975,
1982,21414,22027,16279,Ἡ τετρας ὧδε τῶν μαθητῶν τοῦ λόγου :,0,22027,
1982,27694,23585,16279,Ἡ τετρὰς ὧδε τῶν μαθητῶν τοῦ Λόγου·,0,23585,
1982,27872,23644,16279,⁘ ἡ τετρὰς ὧδε τῶν μαθητ(ῶν) τοῦ λόγου:,0,23644,
1982,36952,25867,16279,Ἡ τετρὰς ὧδε τῶν μαθητῶν τοῦ | λόγου·,0,25867,
1982,36301,25730,16279,·:· ἡ τετρᾶς | ῶδε των μα|θητῶν του | λόγου |,0,25730,
1982,40196,26759,16279,Ἡ τετρὰς ὧδε τῶν μαθητῶν τοῦ λόγου:,0,26759,
1982,1614,17188,16279,+ ἡ τετρὰς ὧδε τῶν μαθητῶν τοῦ λόγου:·,0,17188,
1982,29745,24077,16279,+ ἡ τετρὰς ὦδε τῶν μαθητῶν τοῦ | λόγου·,0,24077,
1982,27800,23616,16279,Ἡ τετρὰς ὧδε τῶν μαθητῶν τοῦ λόγ(ου):-,0,23616,
1982,40840,27055,16279,ἡ τετρὰς ὦδε τῶν μαθητῶν τοῦ λόγ(...),0,27055,
1982,28320,23726,16279,† ἡ τετρὰς ὧδε τῶν μαθητῶν τοῦ λόγου:,0,23726,
1982,40200,26760,16279,+ ἡ τετρ(ὰς) ὦδε τῶν μαθητῶν τοῦ λόγου· |,0,26760,
1982,2764,17451,16279,Ἡ τετρὰς ὧδε τῶν μαθητῶν τοῦ λόγου ·:·,0,17451,
1982,50899,34580,16280,ἐκχεῖ το ῥεῦμα τῶν ἀειρρύτων λόγων,4,34580,
1982,21415,22027,16280,Ἐκχεῖ τὸ ῥεῦμα τῶν ἀειρρύτων λόγων :,1,22027,
1982,49108,32975,16280,ἐκχεῖ τὸ ῥεῦμα τῶν | ἀειρρύτων λόγων:,1,32975,
1982,36376,25747,16280,Ἐκχεῖ τὸ ῥεῦμα τῶν ἀειρρύτων λό|γων· |,1,25747,
1982,27695,23585,16280,ἐκχεῖ τὸ ρεῦμα τῶν ἀειρρύτων λόγον˙,1,23585,
1982,27873,23644,16280,ἐκχεῖ | τὸ ῥεῦμα τῶν ἀειρρύτων λόγων:,1,23644,
1982,39801,26591,16280,ἐκχεῖ τὸ ῥεῦμα | τῶν ζωηρρύτων λόγων:-,1,26591,
1982,36302,25730,16280,ἐκχη τὸ | ῥεῦμα τῶν | ἀειρρύτων | λόγων:- |,1,25730,
1982,34485,25322,16280,ἐκ|χεῖ τὸ ῥεῦμα τῶν ἀειρρύ|των λόγων·,1,25322,
1982,1615,17188,16280,ἐκχεῖ τὸ ῥεῦμα τῶν ἀειρρύτων λόγων:·,1,17188,
1982,29746,24077,16280,ἐκχεὶ τὸ ῥεῦμα τῶν ἀει|ρρύτων λόγων·,1,24077,
1982,13261,20101,16280,ἐκχεῖ τὸ ῥεῦμα τῶν ἀειρρύτων λόγων,1,20101,
1982,39457,26470,16280,Ἐκχεῖ τὸ ῥεῦμα τῶν ἀειρρύτων λόγων:,1,26470,
1982,27801,23616,16280,Ἐκχεῖ τὸ ῥεῦμα των ζωὁρῤητων λόγων:-,1,23616,
1982,47447,31137,16280,ἐκχεῖ τὸ ῥεῦμα τῶν ἀειρρύτ(ων) λόγων·,1,31137,
1982,15805,20721,16280,ἐκχεῖ τὸ ῥεῦμα τῶν ἀειρ|ρύτων λόγων:,1,20721,
1982,37916,26147,16280,Ἐκχεῖ τὸ ῥεῦμα τῶν ἀειρρύτων λόγων:,1,26147,
1982,18756,21397,16280,ἐκχεὶ | τὸ ῥεῦμα τῶν ἀειρρύτων | λόγων·,1,21397,
1982,11869,19698,16280,ἐκχεῖ τὸ ῥεῦμα τ(ῶν) | ἀειρρύτων λόγων· |,1,19698,
1982,28321,23726,16280,ἐκχεῖ τὸ ῥεῦμα τῶν ἀειρρύτων λόγων:,1,23726,
1982,2757,17449,16280,Ἐκχεῖ τὸ ῥεῦμα τῶν ἀειρρύτων λόγων:,1,17449,
1982,2765,17451,16280,Ἐκχεῖ τὸ ῥεῦμα· | τῶν ἀειρρύτων λόγων·,1,17451,
1982,2761,17450,16280,ἐκχήτο | ῥεῦμα τῶν | ἀειρρύτων | λόγων:- |,1,17450,
1982,36713,25822,16280,ἐκχεῖ τὸ ῥεῦμα | τῶν ἀειρρύτων λόγων· |,1,25822,
1982,23258,22372,16280,ἐκχεῖ τὸ ῥεῦμα τῶν αἰειρρύτω(ν)? | λόγων: |,1,22372,
1982,23241,22369,16280,ἐκχεῖ τὸ ῥεῦμα τῶν ζωηρρήτων λόγων·,1,22369,
1982,50900,34580,16281,τοίνυν ὁ διψῶν μὴ κατόκνει τοῦ πίν(...),5,34580,
1982,21416,22027,16281,Τοίνυν ὁ διψῶν . μὴ κατόκνει τοῦ πίνειν : ,2,22027,
1982,49109,32975,16281,τοίνυν ὁ διψῶν μὴ | κατόκνει τοῦ πίνειν·,2,32975,
1982,36377,25747,16281,Τοίνυν ὁ διψῶν μὴ κατόκνει τοῦ | πίνειν· |,2,25747,
1982,27696,23585,16281,τοίνυν ὁ διψῶν μὴ κατόκνει τοῦ πίνειν˙ ,2,23585,
1982,27874,23644,16281,τοίνυν ὁ διψῶν μὴ κατόκνει τοῦ πίνειν: |,2,23644,
1982,36954,25867,16281,τοίνυν ὁ δι|ψῶν μὴ κατόκνει τοῦ πίνειν· | ,2,25867,
1982,36303,25730,16281,τοίνυν | ὁ διψῶν | μὴ καθ'ὀκνῆ | τοῦ πεί|νειν:- | ,2,25730,
1982,40198,26759,16281,Τοίνυν ὁ διψῶν μη κατόκνει τοῦ πίνειν: ,2,26759,
1982,34486,25322,16281,τοίνυν | ὁ διψῶν μὴ κατό|κνει τοῦ πίνειν·,2,25322,
1982,1616,17188,16281,τοίνυν ὁ διψῶν μὴ κατόκνει πίνειν:·,2,17188,
1982,29747,24077,16281,τοίνυν ὁ δι|ψῶν μὴ κατὄκνει τοῦ πίνειν· |,2,24077,
1982,13262,20101,16281,τοίνυν ὁ διψῶν μὴ κατώκνει τοῦ πίνειν. ,2,20101,
1982,39458,26470,16281,Τοίνυν ὁ διψῶν μὴ κατόκνει τοῦ πίνειν: ,2,26470,
1982,27802,23616,16281,Τοίνυν ὁ διψὼν μη κατόκνη του πινειν:- ,2,23616,
1982,26663,23343,16281,Τοίνυν ὁ διψῶν· μὴ κατό|κνει τοῦ πίνειν: ,2,23343,
1982,37798,26099,16281,τοίνυν ὁ διψῶν μη κατώκνει τοῦ πίν(ειν) |,2,26099,
1982,40842,27055,16281,"τοίνυν ὁ δηψῶν, μὴ κατὄκνει τοῦ πιν(...) ",2,27055,
1982,47448,31137,16281,"τοίνυν ὁ διψῶν, μὴ κατόκνει τοῦ πίνειν:",2,31137,
1982,15806,20721,16281,τοίνυν | ὁ διψῶν μὴ κατόκνει τοῦ | πίνειν: ,2,20721,
1982,29145,23913,16281,(...)οίνυν ὁ διψῶν μὴ κατόκνει τοῦ πίνειν·,2,23913,
1982,18757,21397,16281,τοίνυν ὁ διψῶν | μὴ κατ’ ὄκνει τοῦ πίνειν· |,2,21397,
1982,11870,19698,16281,τοίνυν ὁ διψῶν μὴ | κατώκνει τοῦ πίνειν· | ,2,19698,
1982,28322,23726,16281,τοίνυν ὁ διψῶν μὴ κατόκνει τοῦ πίνειν,2,23726,
1982,2758,17449,16281,Τοίνυν ὁ διψῶν μὴ κατόκνει τοῦ πίνειν: ,2,17449,
1982,40202,26760,16281,τοίνυν ὁ διψῶν μὴ κατόκνει τοῦ πίν(ειν)· | ,2,26760,
1982,36678,25811,16281,Τοίνυν ὁ διψῶν μὴ κατόκνει τοῦ πίνειν· ,2,25811,
1982,2766,17451,16281,"τοίνυν ὁ διψῶν· μὴ κατόκνει τοῦ | τοῦ πίνειν, ",2,17451,
1982,2762,17450,16281,τοίνυν ὁ | διψῶν· μὴ κα|θ' | ὁκνὴ τοῦ | πήνειν:- | ,2,17450,
1982,36714,25822,16281,Τοίνυν ὁ διψῶν μὴ κατόκνει | τοῦ πίνειν· ,2,25822,
1982,25736,23090,16281,τοί|νυν ὁ διψῶν μὴ κατʹ ὀκνεῖ | τοῦ πίνειν,2,23090,
1982,23259,22372,16281,τοίνω ὁ διψῶν μὴ κατόκνη τοῦ | πίνειν: |,2,22372,
1982,23242,22369,16281,"τοίνυν ὁ διψῶν, μὴ κατόκνει τοῦ πίνειν,",2,22369,
1982,50901,34580,16282,ψυχὴν κατάρδων (καὶ) ποτίζων τὰς φρέν(...),6,34580,
1982,21417,22027,16282,Ψυχὴν κατἄρδων καὶ ποτίζων τὰς φρένας :-,3,22027,
1982,49110,32975,16282,ψυχὴν κατάρ|δων καὶ ποτίζων τὰς φρένας:-,3,32975,
1982,36378,25747,16282,Ψυχὴν κατάρδων καὶ ποτίζων | τὰς φρένας· |,3,25747,
1982,27697,23585,16282,ψυχὰς κατάρδει καὶ ποτίζει τὰς φρένας,3,23585,
1982,27875,23644,16282,ψυχὴν κατάρδων. κ(αὶ) ποτίζων τὰς | φρένας:,3,23644,
1982,36955,25867,16282,ψυχὴν κατάρδων (καὶ) ποτίζων | τὰς φρένας ++,3,25867,
1982,36304,25730,16282,"ψυχὴν | καταρδῶν, καὶ ποτίζ(ων) τὰς φρέ|νας·:·",3,25730,
1982,40199,26759,16282,Ψυχὴν κατάρδων καὶ ποτίζων τὰς φρέν(ας):,3,26759,
1982,1617,17188,16282,ψυχὴν κατάρδ(ει)· καὶ ποτίζει τὰς φρένας:·,3,17188,
1982,38722,26328,16282,ψυχ(ὴν) κατάρδων κ(αὶ) ποτίζ(ων) | τὰς φραίν(ας):-,3,26328,
1982,29748,24077,16282,ψυχὰς κατἄρδει καὶ ποτίζει | τὰς φρένας +,3,24077,
1982,3383,17626,16282,ψυχὰς κατάρ|δει καὶ ποτίζει τὰς φρένας:,3,17626,
1982,39459,26470,16282,Ψυχὴν κατάρδων καὶ ποτίζων τὰς φρέν(ας):,3,26470,
1982,27803,23616,16282,Ψυχὴν κατάρδων καὶ ποτίζων τὰς φρέν(ας):-,3,23616,
1982,24794,22830,16282,Ψυχὰς κατάρδει καὶ ποτίζει | τὰς φρένας + + +,3,22830,
1982,26664,23343,16282,Ψυχὴν κατάρδων· καὶ πο|τίζων τὰς φρένας:,3,23343,
1982,37799,26099,16282,ψυχὴν κατάρδων καί ποτίζων | τὰς φρένας :·,3,26099,
1982,40843,27055,16282,ψυχ(...) (...)δει καὶ ποτίζει τ(ὰς) φρέν(ας):,3,27055,
1982,47449,31137,16282,"ψυχὴν κατάρδων, (καὶ) ποτίζων τὰς φρένας:",3,31137,
1982,15807,20721,16282,ψυχὴν κα|τάρδων καὶ ποτίζ(ων) τὰς φρέ|νας.+,3,20721,
1982,37918,26147,16282,ψυχὴν κατάρδων καὶ ποτίζων τὰς φρένας:,3,26147,
1982,29146,23913,16282,(...)υχὰς κατάρδει καὶ ποτίζει τὰς φρένας:+,3,23913,
1982,12240,19784,16282,"ψυχὴν κατάρδων, κ(αὶ) ποτίζων τὰς φρένας:-",3,19784,
1982,28323,23726,16282,ψυχὴν κατάρδων καὶ ποτίζων τὰς φρένας:–,3,23726,
1982,2759,17449,16282,Ψυχὴν κατάρδων καὶ ποτίζων τὰς φρέν(ας):-,3,17449,
1982,40203,26760,16282,ψυχ(ὰς) κατάρδει κ(αὶ) ποτίζει τὰς | φρένας:-,3,26760,
1982,36679,25811,16282,Ψυχὴν κατάρδων καὶ ποτίζων τὰς φρένας·,3,25811,
1982,2767,17451,16282,Ψυχὴν κατάρδων· καὶ ποτίζων τὰς φρένας:-,3,17451,
1982,2763,17450,16282,ψυχὴν κα|ταρδῶν· (καὶ) | ποτίζων τ(ὰς) | φρένας:-,3,17450,
1982,36715,25822,16282,ψυχὴν κα|τἄρδων καὶ ποτίζων τὰς | φρένας.,3,25822,
1982,25737,23090,16282,ψυχὴν κατάρ|δων καὶ ποτῖζων τὰς φρέν(ας)·,3,23090,
1982,23260,22372,16282,ψυχὴν κατάρδων καὶ ποτίζων | τὰς φρένας: |,3,22372,
1982,23243,22369,16282,"ψυχὴν κατάρδων, καὶ ποτίζων τὰς φρέν(ας):",3,22369,
